Date,schedstr,MP1,MP2,FF1,FF2,FF3,FF4,FF5,FF6,ED1,ED2,ED3,ED4
2/1/1988,2/11/1988,,,,,,,,,0.01,-0.01,-0.02,-0.02
3/1/1988,,,,,,,,,,0.005,0.01,0,0
4/1/1988,,,,,,,,,,0.04,0.02,0.03,0.01
5/1/1988,5/18/1988,,,,,,,,,0.11,0.13,0.09,0.1
6/1/1988,,,,,,,,,,0.01,0.01,0,
7/1/1988,7/1/1988,,,,,,,,,0.04,0.03,0.05,0.04
8/1/1988,8/17/1988,,,,,,,,,0.14,0.18,0.14,0.16
9/1/1988,9/21/1988,,,,,,,,,-0.01,-0.01,-0.01,-0.01
10/1/1988,,,,,,,,,,,,,
11/1/1988,11/2/1988,0.03214,,,,,,,,0.03,0.07,0.08,0.07
12/1/1988,12/15/1988,0.01937,,,,,,,,0.03,0.06,0.03,0.05
1/1/1989,,,,,,,,,,0.02,0.02,-0.03,-0.03
2/1/1989,2/9/1989,0.02,,,,,,,,0.07,0.06,0.08,0.12
3/1/1989,3/29/1989,-0.07,,,,,,,,-0.02,-0.01,-0.03,-0.02
4/1/1989,,,,,,,,,,,,,
5/1/1989,5/17/1989,-0.02214,,,,,,,,-0.02,-0.01,-0.01,-0.03
6/1/1989,,-0.0125,,,,,,,,-0.03,-0.04,-0.05,-0.04
7/1/1989,7/7/1989,-0.03583,,,,,,,,-0.09,-0.11,-0.12,-0.09
8/1/1989,8/23/1989,0,,,,,,,,-0.01,-0.02,-0.01,-0.02
9/1/1989,,,,,,,,,,,,,
10/1/1989,10/4/1989,-0.17223,,,,,,,,0.03,0.02,0.05,0.04
11/1/1989,11/15/1989,-0.12435,,,,,,,,-0.01,-0.01,-0.02,-0.03
12/1/1989,12/20/1989,-0.16909,,,,,,,,-0.04,-0.03,-0.03,-0.02
1/1/1990,,,,,,,,,,,,,
2/1/1990,2/8/1990,-0.014,,-0.01,-0.01,-0.02,-0.02,,,0.01,0.02,0,0.01
3/1/1990,3/28/1990,0,,0,0,-0.01,-0.02,,,-0.01,-0.03,-0.03,-0.03
4/1/1990,,,,,,,,,,,,,
5/1/1990,5/16/1990,0,,0,0.01,0,0,,,-0.01,-0.02,-0.01,-0.02
6/1/1990,,,,,,,,,,,,,
7/1/1990,7/5/1990,-0.13777,,-0.07999,-0.07,-0.08,-0.1,,,-0.02,-0.03,-0.03,-0.02
8/1/1990,8/22/1990,0,,0,0.01,0,0,,,0.01,0,0,0
9/1/1990,,,,,,,,,,,,,
10/1/1990,10/3/1990,-0.01893,,-0.01,-0.04,-0.05,-0.02999,,,0,0,0,0
11/1/1990,11/14/1990,0.01875,,0.01,0.02,0.02,0.01,,,0.02,0.025,0,-0.02
12/1/1990,12/18/1990,-0.30504,,-0.16,-0.2,-0.11,-0.19,,,-0.155,-0.1,-0.075,0.015
1/1/1991,,-0.13478,,-0.1,-0.11,-0.06001,-0.1,,,-0.12,-0.12,-0.09,-0.1
2/1/1991,2/7/1991,0,,0,-0.01,-0.02,-0.21,,,-0.1,-0.095,-0.08,-0.085
3/1/1991,3/27/1991,-0.04695,,-0.02,-0.09,-0.05,-0.06,,,-0.07,-0.11,-0.08,-0.14
4/1/1991,,,,,,,-0.19,,,-0.01,-0.025,-0.025,-0.0281
5/1/1991,5/15/1991,0.01938,,0.01,0,0,-0.02,,,0,0,0.01,0.01
6/1/1991,,,,,,,,,,,,,
7/1/1991,7/4/1991,0,,0,-0.01,0.01,0.01,,,0.02,0.02,0.02,0
8/1/1991,8/21/1991,-0.062,,-0.11,-0.07001,-0.03,-0.08,,,-0.12,-0.09,-0.08,-0.07
9/1/1991,,-0.05294,,-0.03,0.00999,0,0,,,-0.01,0,0.01,0
10/1/1991,10/2/1991,-0.0407,,-0.03,-0.02001,-0.03,-0.04,,,-0.01,-0.01,0,0
11/1/1991,11/6/1991,-0.1,,-0.08,-0.12,-0.09,-0.12,,,-0.08,-0.09,-0.09,-0.09
12/1/1991,12/18/1991,-0.33129,,-0.11448,-0.35966,-0.27862,-0.25862,,,-0.29,-0.28,-0.23,-0.13793
1/1/1992,,,,,,,,,,,,,
2/1/1992,2/6/1992,0.01261,,0.01,0.01,-0.02,0,,,-0.01,0,0.01,0
3/1/1992,,,,,,,,,,,,,
4/1/1992,4/1/1992,-0.20394,,-0.14,-0.20999,-0.11001,-0.2,,,-0.21,-0.25,-0.24,-0.22
5/1/1992,5/20/1992,0,,0,0.02,0.03,0.00999,,,0.02,0.02,0.01,0.01
6/1/1992,,,,,,,,,,,,,
7/1/1992,7/2/1992,-0.08552,,-0.08,-0.09,-0.1,-0.3,,,0,0.02,0.04,0.04
8/1/1992,8/19/1992,0.02583,,0.01,0.01,0.01,0.01,,,-0.01,0.01,-0.01,-0.01
9/1/1992,,0,,0,0,-0.01,0.01,,,-0.02,-0.01,0,-0.02
10/1/1992,10/7/1992,0,,0,0.00999,0.00999,0.01,,,0,0,0,0
11/1/1992,11/18/1992,-0.04999,,-0.02,-0.01,0.01,0,,,0,-0.01,0,0.01
12/1/1992,12/23/1992,0.03873,,0.00999,0,-0.02,-0.01,,,-0.01,-0.01,-0.01,-0.04
1/1/1993,,,,,,,,,,,,,
2/1/1993,2/4/1993,0,,0,-0.02,-0.04,-0.02,,,0,-0.01,0,0
3/1/1993,3/24/1993,0,,-0.01,0,0.01,0,,,0,0,0,0.04
4/1/1993,,,,,,,,,,,,,
5/1/1993,5/19/1993,-0.02583,,-0.01,-0.02,-0.02,-0.02,,,0,-0.01,-0.02,-0.03
6/1/1993,,,,,,,,,,,,,
7/1/1993,7/8/1993,0.02696,,0.02,0,0,0,,,0,-0.01,0,0
8/1/1993,8/18/1993,0,,0,0.02,0.01,0.01,,,0.01,0,0,0
9/1/1993,9/22/1993,0,,0,0,0.01,0.01,,,0,0.01,0.01,-0.02
10/1/1993,,,,,,,,,,,,,
11/1/1993,11/17/1993,0.02308,,0.01,0,0.01,0,,,-0.01,-0.01,-0.01,0
12/1/1993,12/22/1993,0,,0,-0.01,-0.01,-0.01,,,0,0,0,-0.08
1/1/1994,,,,,,,,,,,,,
2/1/1994,2/4/1994,0.163333333,-0.05478037,0.14,0.10001,0.08,0,0,0,0.13,0.15,0.14,0.15
3/1/1994,3/22/1994,0,-0.088571429,0,-0.04,-0.04,0,0,0,-0.05,-0.05,-0.03,-0.04
4/1/1994,,0.150025,-0.005030357,0.06001,0.08,0.09,0.12,0,0,0.08,0.09,0.08,0.11
5/1/1994,5/17/1994,0.110714286,-0.051371429,0.05,0.05,-0.02,0.05,-0.05,0,-0.04,-0.06,-0.07,-0.07
6/1/1994,,,,,,,,,,,,,
7/1/1994,7/6/1994,-0.0496,0.052906667,-0.04,0,0,0,0,0,-0.015,-0.01,-0.005,-0.01
8/1/1994,8/16/1994,0.124,0,0.06,0.09,0,0,0,0,0.08,0.03,0.01,0.01
9/1/1994,9/27/1994,-0.09,-0.01,-0.02,-0.09,-0.05,-0.03,0,0,-0.03,-0.025,-0.01,-0.005
10/1/1994,,,,,,,,,,,,,
11/1/1994,11/15/1994,0.12,0.007272727,0.06,0.08,0.05,0.08,0.08,0.08,0.04,0.03,0.02,0.035
12/1/1994,12/20/1994,-0.225454545,-0.043501684,-0.08,-0.14,-0.05,-0.05,-0.05,-0.05,-0.07,-0.005,0.015,0.04
1/1/1995,,,,,,,,,,,,,
2/1/1995,2/1/1995,0.072592593,0.05,0.07,0.02,0.05,0.045,0,0,0.06,0.07,0.07,0.06
3/1/1995,3/28/1995,0,0,0,0,0,0.01,0.01,0.05,0.01,0.02,0.03,0.02
4/1/1995,,,,,,,,,,,,,
5/1/1995,5/23/1995,0,0,0,0.02,0,0,-0.01,0,-0.01,-0.02,-0.005,-0.01
6/1/1995,,,,,,,,,,,,,
7/1/1995,7/6/1995,-0.0868,-0.132266667,-0.07,-0.1,-0.14,-0.145,0,0,-0.2,-0.27,-0.265,-0.25
8/1/1995,8/22/1995,0.034444444,0.01,0.01,0.03,0.01,0.01,0.02,0,0.055,0.04,0.06,0.04
9/1/1995,9/26/1995,0.02,0.04,0,0.02,0.03,0.04,0.025,0,0.07,0.07,0.07,0.05
10/1/1995,,,,,,,,,,,,,
11/1/1995,11/15/1995,0.06,-0.043333333,0.03,0.02,0.03,0.02,0.04,0,0.04,0.025,0.02,0.025
12/1/1995,12/19/1995,-0.0775,-0.07,-0.03,-0.08,-0.07,-0.04,-0.09,-0.11,-0.045,-0.04,-0.04,-0.04
1/1/1996,1/31/1996,-0.03,-0.01,-0.0025,-0.03,-0.01,-0.01,-0.005,-0.035,-0.025,-0.03,-0.04,-0.04
2/1/1996,,,,,,,,,,,,,
3/1/1996,3/26/1996,0.02,-0.011,0,0.02,0.01,0,0.01,0,0.015,0.02,0.03,0.03
4/1/1996,,,,,,,,,,,,,
5/1/1996,5/21/1996,0.0155,0.009410714,0.005,-0.0025,0.01,0.02,0.02,0.02,0,0.01,0.01,0.03
6/1/1996,,,,,,,,,,,,,
7/1/1996,7/3/1996,-0.060892857,-0.002012987,-0.055,-0.04,-0.035,-0.025,-0.03,0,-0.05,-0.025,-0.015,-0.01
8/1/1996,8/20/1996,-0.028181818,0,-0.01,-0.01,0,0.01,0.01,0,-0.03,0,0.01,0.01
9/1/1996,9/24/1996,-0.13,-0.112352941,-0.025,-0.13,-0.12,-0.12,-0.07,-0.05,-0.1,-0.08,-0.09,-0.085
10/1/1996,,,,,,,,,,,,,
11/1/1996,11/13/1996,0,0,0,0,0,-0.01,0,-0.02,-0.01,-0.015,-0.02,-0.025
12/1/1996,12/17/1996,0,0,0,0.01,0,0.01,0,0.01,-0.015,-0.01,-0.01,0.05
1/1/1997,,,,,,,,,,,,,
2/1/1997,2/5/1997,-0.030434783,-0.01,-0.025,-0.01,-0.01,0,0,0.02,-0.02,0.005,0.01,0.03
3/1/1997,3/25/1997,0.05,0.021818182,0.015,0.05,0.04,0.05,0.03,0.04,0.04,0.06,0.06,0.055
4/1/1997,,,,,,,,,,,,,
5/1/1997,5/20/1997,-0.084545455,-0.068996865,-0.03,-0.085,-0.07,-0.08,-0.08,-0.06,-0.065,-0.0525,-0.045,-0.045
6/1/1997,,,,,,,,,,,,,
7/1/1997,7/2/1997,-0.02137931,0.008017241,-0.02,-0.01,-0.02,-0.02,0,-0.11,-0.01,-0.0025,-0.005,0
8/1/1997,8/19/1997,0,0,0,-0.01,0,0,0.01,0,-0.0025,0.005,0.0125,0.0125
9/1/1997,9/30/1997,-0.015,-0.006666667,-0.0035,-0.015,-0.01,-0.02,-0.02,-0.02,0,-0.005,0,0
10/1/1997,,,,,,,,,,,,,
11/1/1997,11/12/1997,-0.05,-0.029333333,-0.03,-0.04,-0.03,-0.02,-0.03,0,-0.0325,-0.03,-0.03,-0.0375
12/1/1997,12/16/1997,0,0,0,0,0,0,-0.02,0.01,0.005,-0.0075,0.0175,0.015
1/1/1998,,,,,,,,,,,,,
2/1/1998,2/4/1998,0.035,0.01,0.03,0.03,0.01,0.01,0.01,0.02,0.01,0.015,0.0175,0.02
3/1/1998,3/31/1998,-0.005,-0.017916667,-0.005,-0.005,-0.01,0.001,0,-0.01,0.0025,-0.0025,0.005,0
4/1/1998,,,,,,,,,,,,,
5/1/1998,5/19/1998,-0.03875,-0.019375,-0.015,-0.03,-0.02,-0.01,0,-0.02,-0.0275,-0.01,-0.01,-0.015
6/1/1998,,,,,,,,,,,,,
7/1/1998,7/1/1998,-0.005166667,-0.040538462,-0.005,-0.02,0,0.01,-0.04,-0.01,-0.025,-0.03,-0.04,-0.045
8/1/1998,8/18/1998,0.011923077,0.01,0.005,0,0.01,0.02,0,0,0.0075,0.005,0.015,0.025
9/1/1998,9/29/1998,0.055,0.066538462,0.005,0.055,0.06,0.07,0.04,0.02,0.0575,0.005,0.0125,0.015
10/1/1998,,-0.1646875,-0.153870192,-0.085,-0.16,-0.14,-0.14,-0.13,-0.12,-0.165,-0.165,-0.19,-0.19
11/1/1998,11/17/1998,-0.069230769,0.065897436,-0.03,-0.03,-0.04,-0.04,0,-0.04,-0.0275,-0.02,0.005,0.005
12/1/1998,12/22/1998,-0.017222222,0.002066667,-0.005,0,0,0.01,0.02,0,0.01,-0.0075,-0.01,0.0025
1/1/1999,,,,,,,,,,,,,
2/1/1999,2/3/1999,0.0056,0.01,0.005,-0.01,0.01,0.01,0.01,0,-0.005,0.0025,0.01,0
3/1/1999,3/30/1999,0,-0.023846154,0.005,0,-0.01,-0.02,0,-0.01,-0.0125,-0.025,-0.03,-0.0275
4/1/1999,,,,,,,,,,,,,
5/1/1999,5/18/1999,0,0.03,0,-0.01,0.03,0.03,0.075,0.06,0.0325,0.115,0.15,0.16
6/1/1999,6/30/1999,-0.045,-0.07,0,-0.045,-0.06,-0.07,-0.08,-0.09,-0.08,-0.1,-0.105,-0.12
7/1/1999,,,,,,,,,,,,,
8/1/1999,8/24/1999,0.0375,0.004711538,0.015,0.0375,0.01,0.025,0.025,0.005,0.01,0,-0.0025,-0.0225
9/1/1999,,,,,,,,,,,,,
10/1/1999,10/5/1999,-0.047692308,0.000934066,-0.04,-0.025,0,0.045,0.015,0.08,0.03,0.0725,0.095,0.09
11/1/1999,11/16/1999,0.053571429,0.151,0.025,0.085,0.085,0.045,0.075,0.1,0.0625,0.075,0.07,0.06
12/1/1999,12/21/1999,0.0155,-0.006518519,0.005,-0.01,-0.005,-0.005,0.02,0,0.015,0.045,0.04,0.05
1/1/2000,,,,,,,,,,,,,
2/1/2000,2/2/2000,-0.053703704,0.004277778,-0.05,-0.035,-0.015,0.005,0,-0.03,-0.02,-0.005,0.0025,0.015
3/1/2000,3/21/2000,-0.031,0.022733333,-0.01,-0.02,-0.005,-0.01,-0.005,-0.02,-0.005,-0.005,0.005,0
4/1/2000,,,,,,,,,,,,,
5/1/2000,5/16/2000,0.041333333,0.05,0.02,0.05,0.05,0.055,0.04,0.03,0.05125,0.0525,0.05,0.045
6/1/2000,6/28/2000,-0.02,-0.02,0,-0.02,-0.02,-0.015,-0.03,-0.01,-0.025,-0.03,-0.045,-0.045
7/1/2000,,,,,,,,,,,,,
8/1/2000,8/22/2000,0.017222222,-0.001845238,0.005,-0.005,0,0.105,0.005,0,-0.0025,0.015,0.02,0.02
9/1/2000,,,,,,,,,,,,,
10/1/2000,10/3/2000,0,0.01,0,0.005,0.01,0.02,0.03,0.03,0.0225,0.035,0.045,0.06
11/1/2000,11/15/2000,0,0,0,0,0.005,0.015,0,0,0.0075,0.01,0.005,0.0025
12/1/2000,12/19/2000,0.051666667,0.015,0.02,0.045,0.015,0.01,0.01,-0.015,0.035,0.0225,0.0075,-0.005
1/1/2001,1/31/2001,-0.3575,-0.102727273,-0.35,-0.145,-0.11,-0.18,-0.08,-0.145,-0.11,-0.1475,-0.135,-0.125
2/1/2001,,,,,,,,,,,,,
3/1/2001,3/20/2001,0.056363636,-0.072215909,0.02,0.0275,-0.01,-0.07,-0.06,0,-0.04,-0.065,-0.085,-0.0825
4/1/2001,,-0.4625,-0.38984375,-0.185,-0.425,-0.46,-0.43,-0.47,-0.5,-0.48,-0.45,-0.44,-0.22
5/1/2001,5/15/2001,-0.096875,-0.12,-0.05,-0.09,-0.12,-0.125,-0.12,-0.2,-0.11,-0.1375,-0.13,-0.1575
6/1/2001,6/27/2001,0.105,0.043,0.015,0.105,0.085,0.075,0.07,0.065,0.075,0.075,0.075,0.06
7/1/2001,,,,,,,,,,,,,
8/1/2001,8/21/2001,0.02635,-0.023196552,0.0085,0.015,-0.02,-0.005,-0.055,-0.02,-0.0275,-0.09,-0.09,-0.11
9/1/2001,,,,,,,,,,,,,
10/1/2001,10/2/2001,-0.037413793,-0.046896552,-0.035,-0.045,-0.045,-0.04,-0.09,-0.11,-0.0475,-0.07,-0.0625,-0.0575
11/1/2001,11/6/2001,-0.146875,-0.12071875,-0.1175,-0.13,-0.14,-0.145,-0.165,-0.15,-0.16,-0.1525,-0.1625,-0.165
12/1/2001,12/11/2001,-0.00775,-0.035,-0.005,0.01,-0.035,-0.03,-0.05,-0.095,-0.02,-0.06,-0.095,-0.095
1/1/2002,1/30/2002,0.02,0.02,0,0.02,0.02,0.0225,0.0225,0.03,0.025,0.02,0.0275,0.025
2/1/2002,,,,,,,,,,,,,
3/1/2002,3/19/2002,-0.03875,-0.03390625,-0.015,-0.02,-0.035,-0.04,-0.0475,-0.01,-0.06,-0.075,-0.08,-0.09
4/1/2002,,,,,,,,,,,,,
5/1/2002,5/7/2002,0,0,0,0.005,0,-0.02,-0.03,-0.045,-0.015,-0.03,-0.0525,-0.065
6/1/2002,6/26/2002,0,0.008611111,0,0,0.005,0.005,0.01,0.005,0.015,0.01,0.005,0.0025
7/1/2002,,,,,,,,,,,,,
8/1/2002,8/13/2002,0.034444444,-0.01,0.02,0.03,-0.01,-0.04,-0.035,-0.05,-0.0225,-0.075,-0.155,-0.205
9/1/2002,9/24/2002,0.02,0.00125,0.005,0.02,0.005,-0.005,0.01,0.01,-0.0025,-0.01,-0.02,-0.035
10/1/2002,,,,,,,,,,,,,
11/1/2002,11/6/2002,-0.203125,-0.098869048,-0.1625,-0.1325,-0.105,-0.075,-0.09,-0.13,-0.0825,-0.06,-0.065,-0.065
12/1/2002,12/10/2002,0,0.005,0,-0.005,0.005,0.005,-0.01,0,0.005,0.01,0.03,0.04
1/1/2003,1/29/2003,0.005,0.028846154,0,0.005,0.015,0.025,0.0275,0.0175,0.0325,0.04,0.055,0.05
2/1/2003,,,,,,,,,,,,,
3/1/2003,3/18/2003,0.023846154,-0.011923077,0.01,0.015,-0.005,-0.01,-0.005,0.01,0.01,-0.005,0.0025,-0.01
4/1/2003,,,,,,,,,,,,,
5/1/2003,5/6/2003,0.031,-0.025,0.025,0.015,-0.025,-0.05,-0.03,-0.055,-0.03,-0.0775,-0.11,-0.145
6/1/2003,6/25/2003,0.125,0.108684211,0.03,0.125,0.115,0.105,0.1,0.105,0.115,0.115,0.135,0.13
7/1/2003,,,,,,,,,,,,,
8/1/2003,8/12/2003,0,0,0,0,0,0,-0.01,-0.01,-0.005,-0.015,-0.05,-0.08
9/1/2003,9/16/2003,0,0.005,0,0,0.005,0,-0.005,-0.0025,0,-0.005,0,-0.0025
10/1/2003,10/28/2003,0,0,0,0,0,-0.01,-0.025,-0.04,-0.0225,-0.085,-0.12,-0.125
11/1/2003,,,,,,,,,,,,,
12/1/2003,12/9/2003,0,-0.005,0,0.005,-0.005,-0.005,0,0.015,-0.005,0.0025,0.05,0.075
1/1/2004,1/28/2004,0,0.020666667,0,0,0.01,0.01,0.04,0.025,0.0275,0.11,0.1875,0.245
2/1/2004,,,,,,,,,,,,,
3/1/2004,3/16/2004,0.010333333,0.004209877,0.005,0,0.005,-0.01,-0.02,-0.025,-0.025,-0.055,-0.085,-0.1
4/1/2004,,,,,,,,,,,,,
5/1/2004,5/4/2004,-0.011481481,-0.005,-0.01,-0.0075,-0.005,-0.0075,-0.0125,-0.005,-0.005,0.005,0.015,0.015
6/1/2004,6/30/2004,-0.01,-0.024761905,0,-0.01,-0.02,-0.015,-0.0175,-0.055,-0.04,-0.03,-0.025,-0.025
7/1/2004,,,,,,,,,,,,,
8/1/2004,8/10/2004,0.014761905,0.015555556,0.01,0.015,0.035,0.04,0.05,0.055,0.035,0.045,0.05,0.05
9/1/2004,9/21/2004,0,0,0,0,0,-0.005,0,-0.005,-0.015,-0.015,-0.02,-0.03
10/1/2004,,,,,,,,,,,,,
11/1/2004,11/10/2004,0,-0.009117647,0,-0.005,-0.005,-0.01,0,0,-0.005,-0.025,-0.035,-0.05
12/1/2004,12/14/2004,0,-0.005384615,0,0.0025,-0.005,-0.005,-0.01,-0.015,-0.0075,-0.015,-0.015,-0.02
1/1/2005,,,,,,,,,,,,,
2/1/2005,2/2/2005,-0.005384615,0.013162393,-0.005,0,0,0,0,-0.01,-0.005,-0.01,-0.015,-0.015
3/1/2005,3/22/2005,0,0.008303571,0,0,0.0075,0.01,0.015,0.035,0.03,0.07,0.095,0.105
4/1/2005,,,,,,,,,,,,,
5/1/2005,5/3/2005,0,0.005,0,0,0.005,0.01,0.01,0.01,0.01,0.025,0.0325,0.035
6/1/2005,6/30/2005,-0.0025,0.008068182,0,-0.0025,0.005,0.015,0.035,0.035,0.045,0.055,0.055,0.06
7/1/2005,,,,,,,,,,,,,
8/1/2005,8/9/2005,-0.007045455,-0.000909091,-0.005,-0.005,-0.01,-0.015,-0.015,-0.01,-0.005,-0.02,-0.025,-0.03
9/1/2005,9/20/2005,0.045,0.045,0.015,0.03,0.045,0.035,0.035,0.03,0.035,0.025,0.015,0.02
10/1/2005,,,,,,,,,,,,,
11/1/2005,11/1/2005,-0.005172414,0.003735632,-0.005,0,0,0,0.005,0.02,0.005,0.015,0.015,0.015
12/1/2005,12/13/2005,-0.008611111,-0.005,-0.005,0,-0.005,-0.005,-0.02,-0.02,-0.0025,-0.025,-0.04,-0.04
1/1/2006,1/31/2006,0.01,0.025,0,0.01,0.01,0.025,0.025,0.025,0.03,0.025,0.035,0.04
2/1/2006,,,,,,,,,,,,,
3/1/2006,3/28/2006,0.005,0.03452381,0.005,0.005,0.025,0.03,0.035,0.03,0.035,0.05,0.06,0.06
4/1/2006,,,,,,,,,,,,,
5/1/2006,5/10/2006,0,0.03,0,0.01,0.03,0.035,0.035,0.045,0.035,0.055,0.065,0.065
6/1/2006,6/29/2006,-0.015,-0.035217391,-0.005,-0.015,-0.03,-0.03,-0.04,-0.04,-0.05,-0.055,-0.055,-0.055
7/1/2006,,,,,,,,,,,,,
8/1/2006,8/8/2006,-0.047173913,-0.010652174,-0.035,-0.035,-0.035,-0.035,-0.03,-0.045,-0.035,-0.035,-0.025,-0.03
9/1/2006,9/20/2006,0,0,0,-0.005,0,0,0.005,0.0075,0.015,0.015,0.02,0.03
10/1/2006,10/25/2006,-0.005,-0.005,0.005,-0.005,-0.005,-0.005,-0.005,-0.02,-0.005,-0.005,-0.015,-0.01
11/1/2006,,,,,,,,,,,,,
12/1/2006,12/12/2006,0,-0.0025,0,0,-0.0025,-0.005,-0.015,-0.02,-0.005,-0.015,-0.05,-0.055
1/1/2007,1/31/2007,-0.005,-0.005,0,-0.005,-0.005,0,-0.005,0,0,-0.005,-0.01,-0.01
2/1/2007,,,,,,,,,,,,,
3/1/2007,3/21/2007,0,-0.014090909,0,-0.005,-0.01,-0.01,-0.04,-0.05,-0.05,-0.095,-0.115,-0.12
4/1/2007,,,,,,,,,,,,,
5/1/2007,5/9/2007,0.007045455,0.005,0.005,0,0.005,0.005,0.015,0.02,0.005,0.035,0.055,0.07
6/1/2007,6/28/2007,0,0,0,0,0,0.005,0,0.005,0.005,0.01,0.02,0.025
7/1/2007,,,,,,,,,,,,,
8/1/2007,8/7/2007,-0.000922619,0.051383929,0.005,0.02,-0.0075,-0.03,-0.055,-0.0475,-0.0525,-0.08,-0.075,-0.08
9/1/2007,9/18/2007,-0.2125,-0.155,-0.085,-0.18,-0.155,-0.155,-0.15,-0.145,-0.18,-0.185,-0.175,-0.16
10/1/2007,10/31/2007,-0.02,0.03425,0,-0.02,0.015,0.03,0.05,0.075,0.015,0.06,0.085,0.09
11/1/2007,,,,,,,,,,,,,
12/1/2007,12/11/2007,0.031,0.025,0.02,0.045,0.025,0.035,0.025,0.0125,0.185,0.125,0.02,-0.055
1/1/2008,1/30/2008,-0.575,-0.323076923,-0.1325,-0.335,-0.265,-0.235,-0.27,-0.25,-0.275,-0.225,-0.16,-0.105
2/1/2008,,,,,,,,,,,,,
3/1/2008,3/18/2008,0.192557692,0.093115385,0.1,0.17,0.175,0.1775,0.195,0.195,0.085,0.105,0.115,0.125
4/1/2008,4/30/2008,-0.06,-0.065,0,-0.06,-0.065,-0.065,-0.0725,-0.075,-0.06,-0.08,-0.08,-0.05
5/1/2008,,,,,,,,,,,,,
6/1/2008,6/25/2008,-0.01,-0.039807692,0,-0.01,-0.035,-0.045,-0.06,-0.035,-0.065,-0.05,-0.045,-0.06
7/1/2008,,,,,,,,,,,,,
8/1/2008,8/5/2008,-0.005961538,-0.014615385,-0.005,-0.01,-0.0225,-0.025,-0.035,-0.055,-0.025,-0.035,-0.03,-0.04
9/1/2008,9/16/2008,0.1125,0.13,0.0525,0.105,0.13,0.1275,0.115,0.11,0.14,0.1,0.09,0.09
10/1/2008,10/29/2008,-0.181413043,-0.085333333,-0.0975,-0.075,-0.085,-0.085,-0.04,-0.06,0.02,-0.06,-0.09,-0.095
11/1/2008,,-0.005,,0.0025,-0.005,-0.005,-0.0025,,,-0.0875,-0.125,-0.135,-0.1225
12/1/2008,12/16/2008,-0.149833333,-0.17,-0.0725,-0.185,-0.17,-0.185,-0.185,-0.17,-0.26,-0.26,-0.265,-0.27
1/1/2009,1/28/2009,0.005,-0.006923077,0,0.005,0,0,0.005,0,0,-0.01,-0.015,-0.015
2/1/2009,,,,,,,,,,,,,
3/1/2009,3/18/2009,0,-0.005,0,-0.0075,-0.005,-0.015,-0.015,-0.025,-0.05,-0.06,-0.07,-0.07
4/1/2009,4/29/2009,0,0,-0.0025,0,0.005,0,0,0.005,0,0.01,0.015,0.035
5/1/2009,,,,,,,,,,,,,
6/1/2009,6/24/2009,0,0.008157895,0,0,0.005,0.01,0.005,0.01,0.01,0.035,0.05,0.07
7/1/2009,,,,,,,,,,,,,
8/1/2009,8/12/2009,0,0,0,0,0,-0.005,-0.015,-0.01,0,-0.02,-0.045,-0.03
9/1/2009,9/23/2009,-0.01,-0.015769231,0,-0.01,-0.015,-0.02,-0.02,-0.035,-0.05,-0.1,-0.125,-0.135
10/1/2009,,,,,,,,,,,,,
11/1/2009,11/4/2009,-0.005769231,-0.009346154,-0.005,-0.0075,-0.01,-0.01,-0.015,-0.02,-0.015,-0.015,-0.035,-0.04
12/1/2009,12/16/2009,-0.025833333,0,-0.0125,-0.015,0,-0.0025,-0.01,0.0025,-0.005,-0.005,0,0.015
1/1/2010,1/27/2010,-0.005,0.005333333,0,-0.005,0,0,0,0.005,-0.005,0.015,0.04,0.065
2/1/2010,,,,,,,,,,,,,
3/1/2010,3/16/2010,-0.010333333,-0.01,-0.005,-0.0075,-0.01,-0.01,-0.01,-0.02,-0.015,-0.04,-0.05,-0.06
4/1/2010,4/28/2010,0,-0.01,-0.0025,0,-0.005,-0.01,-0.015,-0.02,-0.01,-0.01,-0.015,-0.01
5/1/2010,,,,,,,,,,,,,
6/1/2010,6/23/2010,0.005,-0.002380952,0,0.005,0,0,0,0,0.005,-0.005,0.005,0.005
7/1/2010,,,,,,,,,,,,,
8/1/2010,8/10/2010,0.003690476,-0.008611111,0.0025,0,0.005,0,0,-0.005,-0.01,-0.02,-0.035,-0.04
9/1/2010,9/21/2010,0,0.005555556,0,0,0.005,0.005,0,0,0,-0.01,-0.015,-0.015
10/1/2010,,,,,,,,,,,,,
11/1/2010,11/3/2010,0.008333333,0.020490196,0.0075,0.015,0.005,0.01,0.01,0.005,0.005,-0.01,0,-0.005
12/1/2010,12/14/2010,0.004558824,0.005,0.0025,0.005,0.005,0.005,0,0,0.005,0,0,-0.005
1/1/2011,1/26/2011,-0.005,-0.005,0,-0.005,-0.005,0,-0.005,-0.005,-0.005,-0.005,-0.01,-0.02
2/1/2011,,,,,,,,,,,,,
3/1/2011,3/15/2011,-0.00484375,0,-0.0025,0,0,0,0.005,0,0,0,0.005,0.02
4/1/2011,4/27/2011,-0.005,-0.005,0,-0.005,-0.005,-0.005,0,-0.005,-0.015,-0.02,-0.025,-0.03
5/1/2011,,,,,,,,,,,,,
6/1/2011,6/22/2011,-0.009375,0.003835227,-0.0025,-0.005,0,0,-0.0025,0,-0.005,-0.005,0,0.01
7/1/2011,,,,,,,,,,,,,
8/1/2011,8/9/2011,-0.007045455,-0.000227273,-0.005,-0.005,-0.005,0,0,0,0.025,0,-0.04,-0.085
9/1/2011,9/21/2011,0.008333333,0.020833333,0.0025,0.015,0.02,0.015,0.015,0.015,0.055,0.08,0.11,0.095
10/1/2011,,,,,,,,,,,,,
11/1/2011,11/2/2011,0,0.008611111,0,0.005,0.005,0.005,0.005,0.005,0.005,0.0175,0.015,0.015
12/1/2011,12/13/2011,0.004305556,-0.005,0.0025,0,-0.005,0,0,0.005,0.0025,0.01,0.01,0.01
1/1/2012,1/25/2012,-0.005,0.003611111,-0.0025,-0.005,0,0,0,-0.005,-0.0025,-0.015,-0.015,-0.015
2/1/2012,,,,,,,,,,,,,
3/1/2012,3/13/2012,0,0,0,-0.005,0,0,0,0,0.0025,0.01,0.015,0.025
4/1/2012,4/25/2012,-0.005,-0.005,-0.0025,-0.005,-0.005,0,0,-0.005,0,-0.01,-0.01,-0.01
5/1/2012,,,,,,,,,,,,,
6/1/2012,6/20/2012,0.015,0.004666667,0.005,0.01,0.005,0.01,0.01,0.01,0.015,0.015,0.015,0.005
7/1/2012,,,,,,,,,,,,,
8/1/2012,8/1/2012,0.0155,0.014617647,0.015,0.015,0.005,0.005,0.005,0.01,0.01,0.01,0.015,0.015
9/1/2012,9/13/2012,0.013235294,0.005,0.0075,0.01,0.005,0.01,0.005,0.015,0.005,0.0025,0,-0.005
10/1/2012,10/24/2012,0,-0.008157895,0,0,-0.005,0,0.005,0,0,0,-0.0025,0
11/1/2012,,,,,,,,,,,,,
12/1/2012,12/12/2012,0.004078947,0,0.0025,0.005,0,0,-0.005,-0.005,-0.0025,-0.005,-0.005,-0.005
1/1/2013,1/30/2013,0.005,-0.009090909,0,0.005,0,0.005,0,0.005,0,0,-0.005,-0.005
2/1/2013,,,,,,,,,,,,,
3/1/2013,3/20/2013,0,0.005166667,0,0.005,0.005,0.005,0,0,0,0,0.005,0
4/1/2013,,,,,,,,,,,,,
5/1/2013,5/1/2013,0,0,0,0,0,-0.005,0,0,-0.005,-0.005,-0.005,0
6/1/2013,6/19/2013,0,0.005,0,0.003,0.005,0.005,0,0.005,0.01,0.01,0.02,0.03
7/1/2013,,0,0,0,0,0,0,0,-0.005,0,0,-0.005,-0.01
8/1/2013,,,,,,,,,,,,,
9/1/2013,9/18/2013,0,-0.005,0,0,-0.005,0,-0.005,-0.01,-0.015,-0.025,-0.02,-0.04
10/1/2013,10/30/2013,0,0,0,0,0,0,-0.005,0,0,0,0.005,0.005
11/1/2013,,,,,,,,,,,,,
12/1/2013,12/18/2013,0.005961538,0.005,0.0025,0.005,0.005,0,0,0,0.01,0.005,-0.005,-0.015
1/1/2014,1/29/2014,0,0,-0.0025,0,0,0,0,0.005,0,0.01,0,-0.005
2/1/2014,,,,,,,,,,,,,
3/1/2014,3/19/2014,0,0,0,0,0,0.005,0.005,0.005,0.02,0.01,0.03,0.06
4/1/2014,4/30/2014,0,0,-0.0025,0,0,0,0.005,0,0.01,0,0,0.005
5/1/2014,,,,,,,,,,,,,
6/1/2014,6/18/2014,0,-0.005,0,0,-0.005,-0.005,0,0,-0.02,0,0,0
7/1/2014,7/30/2014,0,0,0,0,0,0,-0.005,0,0,0,-0.02,-0.01
8/1/2014,,,,,,,,,,,,,
9/1/2014,9/17/2014,0,0,0,-0.005,0,0,0,0.005,0,0.015,0.035,0.045
10/1/2014,10/29/2014,0,0.011071429,0,0,0.005,0.005,0.01,0.01,0,-0.015,0.035,0.055
11/1/2014,,,,,,,,,,,,,
12/1/2014,12/17/2014,0,0,0,0,0,-0.005,0,0,-0.01,-0.01,-0.01,0
1/1/2015,1/28/2015,0,0,0,0,0,0,0,-0.005,-0.005,-0.005,-0.01,-0.015
2/1/2015,,,,,,,,,,,,,
3/1/2015,3/18/2015,-0.005961538,-0.015,-0.0025,-0.01,-0.015,-0.025,-0.04,-0.06,-0.05,-0.09,-0.125,-0.155
4/1/2015,4/29/2015,-0.005,-0.005,0,-0.005,-0.005,-0.005,-0.005,0,0.01,0,0,0
5/1/2015,,,,,,,,,,,,,
6/1/2015,6/17/2015,-0.011538462,-0.015,-0.005,-0.005,-0.015,-0.025,-0.045,-0.045,-0.045,-0.065,-0.08,-0.09
7/1/2015,7/29/2015,-0.005,-0.005,-0.0025,-0.005,-0.005,-0.005,-0.01,-0.01,-0.005,-0.005,-0.01,-0.015
8/1/2015,,,,,,,,,,,,,
9/1/2015,9/17/2015,-0.063461538,-0.055,-0.0275,-0.05,-0.055,-0.065,-0.06,-0.07,-0.07,-0.08,-0.085,-0.09
10/1/2015,10/28/2015,-0.005,0.026,0,-0.005,0.01,0.02,0.025,0.03,0.02,0.03,0.045,0.055
11/1/2015,,,,,,,,,,,,,
12/1/2015,12/16/2015,0.031,0.015,0.015,0.02,0.015,0.015,0.02,0.015,0.015,0.025,0.03,0.03
1/1/2016,1/27/2016,-0.005,-0.015333333,-0.0025,-0.005,-0.01,-0.015,-0.02,-0.02,-0.02,-0.025,-0.035,-0.035
2/1/2016,,,,,,,,,,,,,
3/1/2016,3/16/2016,-0.0155,-0.06,-0.0075,-0.025,-0.06,-0.065,-0.065,-0.085,-0.075,-0.11,-0.13,-0.14
4/1/2016,4/27/2016,-0.005,0.015,0,-0.005,0.005,0.01,0.01,0.015,0.005,0.01,0.01,0.015
5/1/2016,,,,,,,,,,,,,
6/1/2016,6/15/2016,0,-0.03,0,-0.01,-0.03,-0.03,-0.035,-0.035,-0.035,-0.045,-0.045,-0.045
7/1/2016,7/27/2016,-0.01,0.006666667,-0.005,-0.01,-0.005,0.005,-0.005,0.0025,0.005,0.005,0.005,0.005
8/1/2016,,,,,,,,,,,,,
9/1/2016,9/21/2016,-0.05,-0.033928571,-0.015,-0.045,-0.035,-0.02,-0.015,-0.015,-0.02,-0.025,-0.03,-0.035
10/1/2016,,,,,,,,,,,,,
11/1/2016,11/2/2016,-0.005357143,0.004411765,-0.005,0,0,0,0.005,0,0.005,0.005,0.005,0.005
12/1/2016,12/14/2016,-0.004558824,0.005354031,-0.0025,-0.005,0.005,0.015,0.02,0.0275,0,0.03,0.07,0.12
1/1/2017,,,,,,,,,,,,,
2/1/2017,2/1/2017,-0.005185185,-0.024201389,-0.005,-0.015,-0.025,-0.02,-0.02,-0.0225,-0.015,-0.015,-0.025,-0.025
3/1/2017,3/15/2017,0.00484375,-0.000518973,0.0025,0.005,0,-0.025,-0.035,-0.04,-0.0425,-0.055,-0.07,-0.0825
4/1/2017,,,,,,,,,,,,,
5/1/2017,5/3/2017,-0.002767857,0.011796875,-0.0025,0.005,0.015,0.005,0.01,0.015,0.015,0.015,0.015,0.015
6/1/2017,6/14/2017,0.01875,0.01,0.01,0.02,0.01,0.01,0.02,0.025,0.01,0.015,0.035,0.04
7/1/2017,7/26/2017,-0.005,-0.005,-0.0025,-0.005,-0.005,-0.01,-0.015,-0.01,-0.005,-0.015,-0.0175,-0.015
8/1/2017,,,,,,,,,,,,,
9/1/2017,9/20/2017,-0.0075,-0.004913793,-0.0025,-0.005,-0.005,0.02,0.04,0.035,0.04,0.05,0.065,0.07
10/1/2017,,,,,,,,,,,,,
11/1/2017,11/1/2017,-0.002586207,0.001867816,-0.0025,0,-0.005,-0.005,0,0,0,0.005,0,0.005
12/1/2017,12/13/2017,0.004305556,0.005,0.0025,0,0.005,-0.005,-0.01,-0.01,-0.005,-0.015,-0.02,-0.025
1/1/2018,1/31/2018,-0.0075,0.01575,0.0025,-0.0075,0,0,0.005,0.01,0,0,0.005,0.005
2/1/2018,,,,,,,,,,,,,
3/1/2018,3/21/2018,0,-0.005344828,0,0,-0.005,-0.005,-0.01,-0.015,-0.02,-0.025,-0.025,-0.02
4/1/2018,,,,,,,,,,,,,
5/1/2018,5/2/2018,-0.002672414,0.002043611,-0.0025,0,-0.005,-0.005,-0.005,-0.005,-0.005,-0.01,-0.01,-0.01
6/1/2018,6/13/2018,-0.004411765,-0.010186275,-0.0025,-0.005,-0.01,-0.01,0.01,-0.005,-0.0025,0.01,0.025,0.035
7/1/2018,,,,,,,,,,,,,
8/1/2018,8/1/2018,-0.002583333,0,-0.0025,-0.005,0,0,-0.005,0,0,-0.005,-0.005,-0.005
9/1/2018,9/26/2018,0.01,0.01,0,0.01,0.01,0.005,0.01,0,0.005,-0.005,-0.005,-0.01
10/1/2018,,,,,,,,,,,,,
11/1/2018,11/8/2018,0.006818182,-0.010795455,0.005,0,0,0,0,0.005,0.005,0.0075,0.01,0.01
12/1/2018,12/19/2018,0.025833333,0.02,0.01,0.025,0.02,0.02,0.025,0.02,0.02,0.0225,0,-0.02
1/1/2019,1/30/2019,0,0,-0.0025,0,0,-0.005,-0.015,-0.02,-0.01,-0.035,-0.05,-0.065
2/1/2019,,,,,,,,,,,,,
3/1/2019,3/20/2019,0,0,0,0.005,0,0,0.005,0.005,0,-0.015,-0.04,-0.06
4/1/2019,,,,,,,,,,,,,
5/1/2019,5/1/2019,-0.025833333,0.017348485,-0.025,-0.01,0.01,0.01,0.015,0.03,0,0.04,0.055,0.06
6/1/2019,6/19/2019,0.054545455,-0.0775,0.02,0.05,-0.0775,-0.085,-0.095,-0.12,-0.11,-0.15,-0.18,-0.175
7/1/2019,7/31/2019,0.04,0.065,0,0.04,0.05,0.065,0.065,0.08,0.05,0.085,0.085,0.085
8/1/2019,,,,,,,,,,,,,
9/1/2019,9/18/2019,0.046875,0.04,0.01875,0.03,0.04,0.04,0.03,0.035,0.07,0.065,0.075,0.075
10/1/2019,10/30/2019,-0.02025,0.006875,-0.0025,-0.0225,-0.005,0.01,0.005,0.005,-0.01,-0.0025,-0.005,-0.015
11/1/2019,,,,,,,,,,,,,
12/1/2019,12/11/2019,0,0,0,-0.005,0,-0.005,-0.005,-0.005,0.0025,-0.005,-0.01,-0.02
1/1/2020,1/29/2020,0.01,-0.005,0.0025,0.01,0.01,0.005,-0.005,-0.01,0,-0.01,-0.02,-0.02
2/1/2020,,,,,,,,,,,,,
3/1/2020,3/3/2020,-0.485066964,-0.22,-0.365,-0.3,-0.22,-0.1925,-0.19,-0.16,-0.34375,-0.205,-0.22,-0.23
4/1/2020,4/29/2020,-0.0275,-0.02375,-0.0025,-0.0275,-0.025,-0.02,-0.01,-0.015,0.005,-0.005,-0.01,0
5/1/2020,,,,,,,,,,,,,
6/1/2020,6/10/2020,0,0,0,0,0,0.005,0,0.005,-0.0025,-0.005,-0.005,-0.005
7/1/2020,7/29/2020,0.005,0.005,0,0.005,0.005,0,0.005,0.005,0,-0.015,-0.005,-0.005
8/1/2020,,,,,,,,,,,,,
9/1/2020,9/16/2020,0,0,0,0,0,-0.005,0,0,0,0,0,0
10/1/2020,,,,,,,,,,,,,
11/1/2020,11/5/2020,0,0,0,0,-0.005,0,0,0,0,0,0.005,0
12/1/2020,12/16/2020,0,0,0,0,0,0,0,0.005,-0.005,-0.005,0,0
1/1/2021,1/27/2021,0,0.011071429,0,0,0.005,0,0.005,0,0.005,0,0,0.005
2/1/2021,,,,,,,,,,,,,
3/1/2021,3/17/2021,-0.011071429,-0.01,-0.005,-0.01,-0.01,-0.01,-0.01,-0.01,-0.01,-0.01,-0.015,-0.01
4/1/2021,4/28/2021,-0.01,-0.004642857,0,-0.01,-0.0075,-0.01,-0.005,-0.005,-0.005,-0.0025,-0.005,-0.01
5/1/2021,,,,,,,,,,,,,
6/1/2021,6/16/2021,0.026785714,0.0125,0.0125,0.02,0.0125,0.005,0.01,0.01,0.01,0.015,0.015,0.03
7/1/2021,7/28/2021,-0.005,0.01375,0,-0.005,0,-0.005,-0.005,0,-0.005,-0.005,0,0
8/1/2021,,,,,,,,,,,,,
9/1/2021,9/22/2021,0,0,0,0,0,0,0.005,0,0.005,0.005,0.015,0.025
10/1/2021,,,,,,,,,,,,,
11/1/2021,11/3/2021,0,-0.0096875,0,-0.005,-0.005,0,0,0,-0.0025,0.005,0.01,0
12/1/2021,12/15/2021,-0.00484375,-0.01,-0.0025,-0.005,-0.01,0.01,0.025,0.025,0.02,0.04,0.035,0.03
1/1/2022,1/26/2022,-0.005,0.046666667,-0.0025,-0.005,0.02,0.045,0.07,0.075,0.08,0.11,0.125,0.14
2/1/2022,,,,,,,,,,,,,
3/1/2022,3/16/2022,-0.020666667,-0.031382716,-0.01,-0.015,-0.03,-0.02,-0.005,0.02,0.02,0.05,0.065,0.06
4/1/2022,,,,,,,,,,,,,
5/1/2022,5/4/2022,-0.017222222,-0.072777778,-0.015,-0.045,-0.075,-0.11,-0.1225,-0.14,-0.095,-0.15,-0.17,-0.18
6/1/2022,6/15/2022,0.12162,-0.045,0.06625,0.145,0.115,0.1,-0.085,-0.105,0.065,-0.055,-0.04,-0.06
7/1/2022,7/27/2022,-0.015,-0.048333333,0,-0.015,-0.025,-0.045,-0.065,-0.0775,-0.055,-0.1,-0.125,-0.105
8/1/2022,,,,,,,,,,,,,
9/1/2022,9/21/2022,-0.025,-0.030357143,-0.0075,-0.03,-0.03,0.01,0.035,0.065,0.06,0.085,0.105,0.095
10/1/2022,,,,,,,,,,,,,
11/1/2022,11/2/2022,-0.002678571,-0.016029412,-0.0025,-0.01,-0.015,0.015,0.03,0.06,0,0.06,0.105,0.13
12/1/2022,12/14/2022,-0.002279412,8.44E-05,-0.00125,0.0025,0,0.005,0.03,0.06,0,0.045,0.07,0.075
1/1/2023,,,,,,,,,,,,,
2/1/2023,2/1/2023,-0.007777778,-0.015432099,-0.0075,-0.01,-0.01,-0.025,-0.03,-0.035,-0.04,-0.065,-0.115,-0.155
3/1/2023,3/22/2023,0.034444444,0.007380952,0.01,0.035,0.01,-0.0075,-0.015,-0.0375,-0.04,-0.09,-0.135,-0.205
4/1/2023,,,,,,,,,,,,,
5/1/2023,5/3/2023,0.011071429,0.0278125,0.01,0.02,0.01,0.01,0.005,-0.005,0.005,-0.015,-0.035,-0.055
6/1/2023,6/14/2023,-0.0140625,0,-0.0075,-0.015,0,0.01,0.02,0.07,-0.01,0.05,0.125,0.16
7/1/2023,7/26/2023,0.005,-0.0025,0.0025,0.005,0.0025,0.005,-0.02,-0.03,-0.015,-0.035,-0.05,-0.065
8/1/2023,,,,,,,,,,,,,
9/1/2023,9/20/2023,0,0.005172414,0,0,0.005,0.02,0.025,0.035,0.03,0.07,0.1,0.125
10/1/2023,,,,,,,,,,,,,
11/1/2023,11/1/2023,-0.002586207,-0.032576628,-0.0025,-0.02,-0.03,-0.04,-0.04,-0.045,-0.035,-0.055,-0.075,-0.09
12/1/2023,12/13/2023,-0.004305556,-0.025,-0.0025,0,-0.025,-0.05,-0.095,-0.155,-0.0125,-0.135,-0.22,-0.255
1/1/2024,1/31/2024,0.0025,0.058863636,0,0.0025,0.0225,0.05,0.05,0.045,0.045,0.035,0.03,0.025
2/1/2024,,,,,,,,,,,,,
3/1/2024,3/20/2024,-0.007045455,-0.010098485,-0.0025,-0.005,-0.01,-0.025,-0.035,-0.05,-0.045,-0.075,-0.08,-0.075
4/1/2024,,,,,,,,,,,,,
5/1/2024,5/1/2024,0,-0.008333333,0,-0.005,-0.005,-0.005,-0.015,-0.025,-0.01,-0.03,-0.055,-0.0725
6/1/2024,6/12/2024,0,0.015,0,0.005,0.015,0.025,0.03,0.04,0.0075,0.03,0.06,0.07
7/1/2024,7/31/2024,0,-0.025,0,0,-0.01,-0.025,-0.035,-0.045,-0.02,-0.06,-0.075,-0.095
8/1/2024,,,,,,,,,,,,,
9/1/2024,9/18/2024,-0.11875,-0.087771739,-0.0475,-0.11,-0.095,-0.09,-0.075,-0.065,-0.08,-0.07,-0.045,-0.04
10/1/2024,,,,,,,,,,,,,
11/1/2024,11/7/2024,0,0,0,0,-0.01,0.01,0.015,0.01,0.005,0.015,0.02,0.015
12/1/2024,12/18/2024,-0.011923077,0.02,-0.005,-0.01,0.02,0.03,0.045,0.07,0.06,0.115,0.15,0.17
1/1/2025,1/29/2025,0.005,0.017916667,0,0.005,0.01,0.025,0.015,0.02,0.015,0.01,0.005,-0.005
2/1/2025,,,,,,,,,,,,,
3/1/2025,3/19/2025,0,-0.012916667,0,0.005,-0.01,-0.015,-0.03,-0.04,-0.035,-0.075,-0.105,-0.125
4/1/2025,,,,,,,,,,,,,
5/1/2025,5/7/2025,0,0.00625,0,0.0025,0.01,0.01,0.005,0.005,0,-0.005,-0.005,-0.015
6/1/2025,6/18/2025,0.00625,0.005,0.0025,0.005,0.005,0,-0.01,-0.02,-0.01,-0.025,-0.01,-0.005
7/1/2025,7/30/2025,0.005,0.039615385,0,0.005,0.02,0.045,0.065,0.065,0.055,0.08,0.08,0.06
8/1/2025,,,,,,,,,,,,,
9/1/2025,9/17/2025,0.011538462,-0.025,0.005,0.01,-0.025,-0.025,-0.025,-0.03,-0.03,-0.025,-0.015,-0.015
10/1/2025,10/29/2025,0.03,0.081666667,0,0.03,0.065,0.085,0.105,0.105,0.11,0.115,0.095,0.08
11/1/2025,,,,,,,,,,,,,
12/1/2025,12/10/2025,-0.003690476,-0.005,-0.0025,0,-0.005,-0.01,-0.02,-0.025,-0.0125,-0.035,-0.045,-0.04
