1987.0774996970713, 0.2847349272975669
1987.1149178560922, 0.19664447431327742
1987.1428220085938, 0.06383312825111291
1987.1701254185766, -0.003547232641901738
1987.231313406585, 0.3120698368880871
1987.2245634906435, 0.17886249575736318
1987.2649858443954, 0.5014583355215789
1987.2994605579288, 0.6664926231593405
1987.292658892632, 0.08991210348214422
1987.237050835135, 0.004066672539950497
1987.3531240771417, 0.3520417141068204
1987.2996225559116, 0.23893674763545142
1987.3865614732363, 0.5188044623624227
1987.4106811728666, 0.7652591931908782
1987.4042012535629, 0.6520316032465747
1987.4568505979055, 0.8852186993006966
1987.4645736267285, 0.35786351660624194
1987.5035278737628, 0.5718194592942972
1987.501229045248, 0.21333026652031467
1987.490763300581, 0.09818075051030833
1987.5393570704287, 0.7638282110113104
1987.5895796592781, 0.34649569388728896
1987.6223071088566, 0.5706083315196764
1987.6143036370977, 0.449291128031939
1987.6099752535001, 0.1289907418246381
1987.649234452094, 0.836452806596364
1987.647749470587, 0.7265641750710524
1987.707857472045, 0.3081793139093157
1987.6973388530362, 0.0007412139528413674
1987.7265682390343, 0.6253127359843024
1987.7333384047236, 0.46698940763018043
1987.7380160964708, 0.15382300758130057
1987.7347446372112, -0.16152226533344932
1987.7232472803912, 0.8191055226270735
1987.761613802602, -0.29766536990426834
1987.7893694569527, -0.44146557911896406
1987.7760316230526, 0.3297096172148368
1987.808667466629, -0.0023862470999875002
1987.8059241079357, -0.5978445459724916
1987.8042462716874, 0.21987498501705582
1987.8027612901803, 0.10998635349174381
1987.843902027843, -0.1421770062455168
1987.8687754680868, -0.27948919625737845
1987.881532809216, -0.6540771314062414
1987.9055528672302, -0.44639186062770797
1987.962329303034, -0.16943316681672138
1987.9996968376854, -0.26126982314846486
1987.9881429101413, -0.613924774292219
1988.0275604906913, -0.39707813188859253
1988.0120086843624, -0.5223097723430071
1988.073424482034, -0.739264445544153
1988.0653330202992, -0.23917329832283446
1988.1025925562953, -0.9355254835919375
1988.1077224924109, -0.39893030882290037
1988.1356333948283, -0.5312421611054042
1988.1392221001372, -0.6319644067823513
1988.1373681232253, -1.0621878490862657
1988.117820366659, -1.190090656275875
1988.1980363677062, -0.7797991371825683
1988.2641662584574, -0.28162448395174183
1988.2557481490048, -0.4336248767614819
1988.2542631674978, -0.5435135082867939
1988.2578406229468, -0.6450682435965088
1988.2552563694148, -0.9409562731036129
1988.2468382599623, -1.0929566659133534
1988.2403020913591, -1.2103467040214948
1988.2975108432079, -0.011843843607536859
1988.2941551707113, -0.15551034020167973
1988.3309711408028, 0.2664995472451348
1988.3276697533445, 0.12685014348212417
1988.314323919544, -0.7142269823428731
1988.3638528741742, 0.5020291855554772
1988.3557144040965, 0.3707221064745296
1988.3978145940964, 0.8174778286115003
1988.389362735064, 0.6629799669034576
1988.3713517093606, -0.3035494966275485
1988.3448470394308, -0.4334628787788894
1988.3433620579237, -0.5433515103042009
1988.323753552114, -0.8955216246286254
1988.4321234525526, 0.970238840520461
1988.4006148449382, -0.04276694422756942
1988.3639493015448, -0.11875479792900334
1988.4351440399364, 0.20478892288812045
1988.4116037080908, 0.11109333970612689
1988.473743434247, 0.5337676760212259
1988.460158103429, 0.4075406479626585
1988.4294234861761, 0.3308976024205161
1988.5165938291902, 0.8162667008368798
1988.5081275060522, 0.6606984953152789
1988.5419445849184, 0.9654437002357197
1988.6019127666889, 0.536712182209587
1988.5935308175003, 0.38738764893374295
1988.613358695578, 0.7557913110971337
1988.6267910283013, 0.650924617032192
1988.6311672238032, 0.2421902071191862
1988.6493019979657, 0.11901774102128151
1988.6986438834972, 0.4737393235715386
1988.6969001552122, 0.3447034304925739
1988.779994834696, 0.21451362321220552
1988.7529469572453, 0.09672951858291663
1988.8403133692464, 0.3349745516490964
1988.8705979921033, 0.6399511822589555
1988.8621943467563, 0.4890211332627738
1988.904521141077, 0.9525455751454904
1988.8961126743616, 0.8012587448781224
1988.8790083873662, 0.194857096572006
1988.9387181437835, 1.0970292615629338
1988.952352973985, 0.3478317915341959
1988.9835915849615, 0.681542235742193
1988.9821066034544, 0.5716536042168813
1988.9806216219474, 0.4617649726915694
1989.0253600648066, 0.9153755237491011
1989.0147086974512, 0.7864899287984305
1989.0339909573238, 1.1145178437725969
1989.042360853091, 1.0013172534920587
1989.074898662174, 0.37417034924685777
1989.1024801044086, 0.6884181501144563
1989.1005338786456, 0.5443974436456765
1989.140845340921, 0.8587873141726129
1989.1731870810172, 1.054357450110114
1989.1977551679208, 0.4130440794268453
1989.165515319413, 0.2982712087263672
1989.2205698838027, 0.6361873005602267
1989.1748842027396, 0.5520248486594115
1989.2639830931655, 0.9184732851717886
1989.2521369906885, 0.774434578927165
1989.286156567033, 1.0941645972374214
1989.2846378359461, 0.9817784968138072
1989.3782109563674, 0.842093807775928
1989.369821775126, 0.6922341025933045
1989.359345905585, 0.5763353459138075
1989.35902190962, 0.9919033707258446
1989.393793619455, 0.4254118539788258
1989.421198278177, 0.25563796822178364
1989.44863186511, 0.08800477009185821
1989.4601356504215, 0.782304980914789
1989.4586506689143, 0.6724163493894767
1989.472150500797, 0.5725445931211407
1989.476065452043, -0.07962842803806693
1989.4998589057363, 0.42524792744882145
1989.510715020542, -0.23654533104966508
1989.5039088553012, -0.3739151203442266
1989.502423873794, -0.4838037518695383
1989.491846755514, -0.6071949152439439
1989.527297314038, 0.25797151059008205
1989.5336872344624, -0.7343201321171082
1989.5268923190815, -0.8708574317789027
1989.5254073375743, -0.980746063304214
1989.5239223560673, -1.0906346948295251
1989.5133924871986, -1.2105294017463069
1989.5547019727599, 0.08819762483303982
1989.555151967156, -1.3436485439753973
1989.548357051775, -1.4801858436371922
1989.546872070268, -1.5900744751625038
1989.545387088761, -1.6999631066878145
1989.5469260695954, -1.8058503880430907
1989.5821066314818, -0.08157626092400151
1989.5996339132096, -0.24970316719135194
1989.6078238112184, -0.3762235915961713
1989.6063388297111, -0.4861122231214828
1989.6048538482041, -0.5960008546467945
1989.6536460977231, -0.7528920436929024
1989.6452520951132, -0.9031085301467117
1989.6437671136061, -1.0129971616720244
1989.642282132099, -1.1228857931973346
1989.6407971505919, -1.232774424722647
1989.6785854300035, -1.3667332564948433
1989.6668180765457, -1.5049445353100932
1989.6653330950387, -1.6148331668354063
1989.6638481135317, -1.724721798360717
1989.6537367394515, -1.813647890938547
1989.7741031690653, -0.6299432890947685
1989.7657043450868, -0.780516556819763
1989.7642193635795, -0.8904051883450754
1989.7627343820725, -1.0002938198703875
1989.761300024935, -1.1064362480482457
1989.7448696045478, -1.2234280411158465
1989.7433621233208, -1.3349816519066935
1989.741404647698, -1.4798348480082413
1989.8386034372534, -0.5139938759032538
1989.899892674001, -0.37402761894325015
1989.8560519699618, -0.6879482095999763
1989.8389746826301, -0.8528081565517108
1989.9305777918703, -0.22779024007932738
1989.9621403988122, -0.08987595756549621
1989.932674765756, -0.5121578987672047
1989.9935950070987, 0.040046424473767175
1990.0250496153856, 0.1699688065130303
1989.9938515039046, -0.38051653813487446
1990.0565042236724, 0.2998911885522932
1990.0433553874186, -0.23357896799063568
1990.0863157095641, 0.4965983960438015
1990.078157954012, 0.3638641918781101
1990.0568282196375, -0.1156768362597447
1990.1226495428027, 0.9875834245233749
1990.1142362547187, 0.8359398129848216
1990.1127512732116, 0.7260511814595092
1990.1164524771195, 0.6336538321102371
1990.095893358148, 0.02799512455206613
1990.158460257556, 1.4398576850792595
1990.1500783083673, 1.290533151803415
1990.1485933268602, 1.1806445202781035
1990.1472095940924, 1.0782482954476988
1990.1200299325685, 0.16581265827073777
1990.1845028796683, 1.640232796893302
1990.1911177972909, 0.4814477275765702
1990.1720492847564, 0.3523803348898788
1990.1511920444977, 0.2740903098580455
1990.2402716494496, 0.9007447916640958
1990.2319210391563, 0.7537393366509608
1990.2305541811781, 0.652591846269708
1990.229524818997, 0.5764190448714804
1990.2716105448915, 1.4930441298760444
1990.2701255633845, 1.3831554983507326
1990.2686405818774, 1.2732668668254206
1990.2671556003702, 1.1633782353001085
1990.2656706188632, 1.0534896037747967
1990.288462835025, 1.6412542841724278
1990.3593594521292, 0.9223676652453842
1990.3509558067822, 0.7714376162492023
1990.3494708252751, 0.6615489847238901
1990.347985843768, 0.5516603531985782
1990.3465008622609, 0.44177172167326634
1990.3450158807539, 0.33188309014795464
1990.334519761465, 0.2144858521294757
1990.3462871149227, 1.5248137342400367
1990.3449146320147, 1.4232499990424001
1990.358211966419, 1.3083934293842487
1990.356726984912, 1.1985047978589372
1990.3700693187561, 1.0869781867318553
1990.3806891865038, 0.11467349512142333
1990.3700243193166, -0.015211087388568108
1990.3593999516247, -0.14209870722059625
1990.405879872797, -0.2189343503642648
1990.3952015057778, -0.34981792043357796
1990.3937165242708, -0.45970655195888965
1990.3831461559066, -0.5825982215536346
1990.4294505792643, -0.672420702968476
1990.4188262115727, -0.7993083228005043
1990.4173412300654, -0.9091969543258162
1990.4158562485584, -1.019085585851129
1990.4263186182675, 0.8539890882120132
1990.4248336367605, 0.7441004566867013
1990.4381984703243, 0.6342388248251549
1990.436713488817, 0.5243501932998428
1990.4499433240621, 0.4044986858450866
1990.448458342555, 0.29461005431977466
1990.4440371476135, -1.131417686947212
1990.4425521661065, -1.2413063184725237
1990.4319345483307, -1.367694444524892
1990.4617556769597, 0.1797534846616228
1990.4602706954524, 0.069864853136311
1990.4737030281758, -0.03500184092863023
1990.4781309730333, -1.4655088264143021
1990.4675606046692, -1.5884004960090468
1990.4593353499577, -1.7261296379713436
1990.491522806261, -0.18148401674402592
1990.4847728903196, -0.31469135787474894
1990.4981377238835, -0.42455298973629596
1990.4966527423765, -0.5344416212616083
1990.5360182521465, -0.6981999819317106
1990.537320985923, -0.8215695455751039
1990.535836004416, -0.9314581771004158
1990.5343510229088, -1.0413468086257276
1990.5682982787255, -1.197908216064415
1990.559899454747, -1.3484814837894097
1990.5965919978041, -1.4902675180872031
1990.5715768093255, -1.583216560566083
1990.569563084403, -1.7322322048314684
1990.666386128638, -0.7209390987549592
1990.641370940159, -0.813888141233839
1990.639885958652, -0.9237767727591499
1990.638400977145, -1.033665404284462
1990.6517658107089, -1.1435270361460086
1990.6354310141307, -1.2534426673350851
1990.6339460326237, -1.363331298860398
1990.7776770552, -0.6169694685186244
1990.8148302800203, -0.7246650523545886
1990.8543307881089, -0.8784335374314831
1990.8975639997134, -0.5362100992382429
1990.8916465734048, -0.9740996460739565
1990.9345062896605, -0.6595148636885995
1990.9239899206239, -0.7784105830460586
1990.9287283616147, -1.0870815390779955
1991.0169169776623, -0.9659039624228727
1991.0572332613062, -0.8081372128518011
1991.0386541176777, -1.084134525777997
1991.1432496901189, -0.6697909357177237
1991.1262309020588, -0.9768365119909783
1991.1737503102859, -0.5372063868311872
1991.1701863546689, -0.800939102491938
1991.1600344810931, -0.8928621577477301
1991.2050159209264, -0.42126983062241874
1991.236254531903, -0.3073312495322927
1991.2588532504747, -0.17342911705400407
1991.29919074814, -0.04548851033512394
1991.2676956403577, -0.6179515812880916
1991.2360047850132, -0.7653562456154732
1991.3305913570994, 0.08043792146685448
1991.2840979360953, -0.5030410123024103
1991.3618569677396, 0.19637447767562377
1991.3470634019682, -0.2390338000600447
1991.3152487981647, -0.39559585034786937
1991.421159800653, 0.3777227335794245
1991.4090838796094, -0.04495571697015285
1991.4720155959026, 0.2165540263739079
1991.4705306143956, 0.10666539484859602
1991.5342978202843, 0.430001368252858
1991.5328998376938, 0.3265506565542819
1991.5284448931725, -0.003115238021654185
1991.5269599116652, -0.11300386954696531
1991.5254749301582, -0.22289250107227723
1991.5239899486512, -0.33278113259758946
1991.5133250814638, -0.46266571510758064
1991.5593865078476, -0.5704699725902016
1991.5488971384748, -0.6873677168290191
1991.5474121569675, -0.7972563483543315
1991.5459271754605, -0.9071449798796435
1991.5444421939535, -1.0170336114049545
1991.5429572124463, -1.1269222429302677
1991.5414722309392, -1.23681087445558
1991.525497429878, -1.3200868373960954
1991.544702547854, -1.468707129442058
1991.6004889959866, 0.20013823080452495
1991.5887891416883, 0.06692188978587889
1991.6222855995472, 0.34794114017244604
1991.637037540837, -0.09881824620460687
1991.629108639578, -0.24601321314340957
1991.6276236580707, -0.35590184466872093
1991.6261386765636, -0.46579047619403385
1991.64382345633, -0.6222625276026394
1991.6667506708109, -0.7570808486713676
1991.6652656893039, -0.8669694801966797
1991.6637807077966, -0.9768581117219919
1991.6622957262896, -1.0867467432473026
1991.6608107447826, -1.1966353747726148
1991.6593257632753, -1.3065240062979269
1991.6578407817683, -1.4164126378232378
1991.656727045638, -1.4988291114672214
1991.7824037305502, -0.7698570895651694
1991.783794213234, -0.8867332340729758
1991.782309231727, -0.9966218655982887
1991.78082425022, -1.1065104971235997
1991.7793392687126, -1.2163991286489115
1991.7778542872056, -1.3262877601742227
1991.7763693056986, -1.4361763916995354
1991.7748843241914, -1.546065023224847
1991.7733993426843, -1.655953654750159
1991.7990415233548, -1.8340554367975173
1991.8586507810237, -1.9405031111740567
1991.8597307675743, -0.7617247908390229
1991.9019852413671, -0.9314716769322982
1991.90050025986, -1.04136030845761
1991.899015278353, -1.1512489399829222
1991.8975302968458, -1.2611375715082331
1991.8960453153388, -1.3710262030335465
1991.8945603338316, -1.4809148345588583
1991.8930753523246, -1.590803466084171
1991.8915903708175, -1.7006920976094815
1991.9195350228147, -1.8305064809936828
1991.979647845641, -1.9345747564301334
1992.005483952468, -0.964582264596641
1992.0188600358917, -1.0736114068254197
1992.0173750543847, -1.1835000383507315
1992.0158900728777, -1.2933886698760448
1992.0144050913705, -1.4032773014013566
1992.0129201098634, -1.5131659329266671
1992.0114351283562, -1.623054564451979
1992.0099501468492, -1.7329431959772912
1992.014708837588, -2.0401156706702452
1992.0040102208209, -2.1724977220785378
1991.993392603045, -2.2988858481309067
1992.039764525562, -2.383713391749143
1992.0291199081228, -2.5120994929201523
1992.0546297690125, -2.665108516026274
1992.1044055777115, -1.8073369123881178
1992.1521949825762, -0.4686395835704238
1992.1438347295461, -0.6163586011259318
1992.142349748039, -0.7262472326512426
1992.1408647665319, -0.8361358641765545
1992.1393797850249, -0.9460244957018664
1992.1378948035176, -1.0559131272271787
1992.1364098220106, -1.1658017587524896
1992.1349248405033, -1.2756903902778027
1992.1334398589963, -1.3855790218031157
1992.1319548774893, -1.4954676533284275
1992.130469895982, -1.6053562848537388
1992.1293224102722, -1.690270227396025
1992.1314052414768, -2.0070804249247898
1992.1230449884467, -2.154799442480298
1992.1215600069395, -2.2646880740056097
1992.159044540134, -2.4211241258625282
1992.1326523688033, -2.542712611686195
1992.1912416391742, -1.8699709895308252
1992.2740460079876, -0.4309141105194326
1992.263544488766, -0.5487109435616393
1992.2474459392458, -0.6411442924625996
1992.2460059571783, -0.7477029654568398
1992.2297611594795, -0.8509586795837775
1992.2282761779725, -0.9608473111090885
1992.2267911964655, -1.0707359426344014
1992.2253062149582, -1.180624574159713
1992.2238212334512, -1.2905132056850253
1992.222336251944, -1.4004018372103377
1992.220851270437, -1.5102904687356489
1992.2195012872487, -1.6101892246677512
1992.2031664906706, -1.7201048558568277
1992.1987115461493, -2.0497707504327636
1992.1972265646423, -2.159659381958076
1992.195741583135, -2.2695480134833868
1992.3838647537762, -0.43588585753340964
1992.3824105084934, -0.5435000084549105
1992.3809255269862, -0.6533886399802213
1992.3704159078657, -0.7717848655580224
1992.4163558357625, -0.8885800110745311
1992.3968215790283, -1.01548383070482
1992.433676120068, -1.1452820142907625
1992.470841157241, -1.25210348401232
1992.4602370392972, -1.3774926225053672
1992.5016477735974, -0.5108169154668544
1992.5001627920904, -0.620705546992166
1992.4986778105833, -0.7305941785174785
1992.5328323852466, -0.871813991295163
1992.5244624894792, -1.0202465713930422
1992.6022080212917, -0.3218300689743294
1992.5882202669138, -1.1685480102669177
1992.5798118001983, -1.3198348405342841
1992.5784111926405, -1.4234797998138402
1992.6196363042525, -0.5705401717159911
1992.6181513227452, -0.6804288032413037
1992.6553838590778, -0.7822553351662568
1992.6447459915541, -0.9101419425576065
1992.6432610100471, -1.0200305740829183
1992.6461634739019, -1.5378211258884693
1992.6253062336432, -1.689368438626258
1992.6715566576734, -1.7831868702783846
1992.6609120402338, -1.911572971449396
1992.6594270587268, -2.0214616029747066
1992.648903939774, -2.140856816111828
1992.6819380283912, -0.35564984780690984
1992.711187664137, -1.1214683108496506
1992.69935281152, -1.2646745274615054
1992.6978678300127, -1.3745631589868175
1992.6951543638042, -2.2346752477639535
1992.6845029964488, -2.3635608427146244
1992.6830180149418, -2.4734494742399358
1992.6724746462414, -2.59434316871604
1992.7082627005625, -0.605342738309634
1992.70722128496, -2.7231462218374847
1992.7707444224595, -0.743419018806059
1992.7692594409525, -0.8533076503313707
1992.762869520528, -0.9598753232135335
1992.7585765739893, -1.4973252301954876
1992.7539596314855, -1.6192071123654064
1992.7920741568344, -1.7290237447873424
1992.780250554077, -1.871397471766432
1992.77876557257, -1.981286103291744
1992.777280591063, -2.091174734817054
1992.7778880834976, -2.778793171707178
1992.8264922996439, -1.1181666376806185
1992.8180838329283, -1.2694534679479879
1992.8165988514213, -1.3793420994732986
1992.815023871035, -2.228463525120319
1992.8032340178572, -2.3683397832011073
1992.8017490363502, -2.478228414726419
1992.8002640548432, -2.588117046251731
1992.8655614559616, -0.4247677013481447
1992.8565246042144, -0.6225550239600973
1992.899931385086, -0.07911157733169953
1992.8915229183704, -0.23039840759906668
1992.8903754326602, -0.3153123501413538
1992.8941328858675, -0.7698336898565747
1992.882478031009, -0.8997200723441485
1992.8809930495017, -1.00960870386946
1992.8837942646173, -1.5348916623699194
1992.8720831604592, -1.6689404930213325
1992.8705981789522, -1.7788291245466439
1992.869113197445, -1.8887177560719552
1992.8676282159379, -1.998606387597269
1992.8661432344309, -2.1084950191225804
1992.9646020082955, 0.0494441074417223
1992.9085327065425, -1.1693927140332925
1992.9070477250355, -1.279281345558604
1992.9055627435284, -1.3891699770839165
1992.8791705721976, -2.243331339967152
1992.9631226517183, -0.4263147177969902
1992.9603045618128, -0.6348533708052527
1993.0245502617427, 0.1634348878817953
1993.0021540406492, -0.17525429432454726
1992.9797443197237, -0.2951706009723402
1992.9569971030014, -0.8796053228389029
1993.086212993839, 0.2577825129437241
1993.0832880302644, 0.04133520842417088
1993.027601223748, -0.05033764994739611
1993.2018261969315, 0.28391818746866365
1993.1934466584273, 0.13477204482841212
1993.1830652877095, 0.02586620106416215
1993.2340329387089, 0.46949844781295486
1993.266374678805, 0.6650685837504563
1993.298658562479, 0.8563573444337245
1993.3344524024421, 1.0457497001620397
1993.3241587806317, 0.2840216861797645
1993.2827480463313, 0.14991885620081985
1993.2760656295495, 0.02170645286670101
1993.3532557397075, 0.5011111969874533
1993.3449147721512, 0.35481930451669047
1993.3788668493364, 0.6695543850303411
1993.420689328509, 0.907383623274534
1993.4100177114058, 0.7769995469848817
1993.4440710373299, 1.0992270341934407
1993.4376361174657, 0.9893294027802066
1993.442541056383, 0.25343556707748977
1993.4216073170771, 0.09622732483688032
1993.473134246826, 0.581246199043258
1993.4646920305308, 0.42746189987758787
1993.463173299444, 0.31507579945397335
1993.467884740771, 0.0044068683033960275
1993.4572671229953, -0.12198125774897149
1993.455799016278, -0.23062115482513368
1993.483996790123, -0.3417045214720653
1993.5385428608452, 0.8376704914321865
1993.5280399916403, 0.7197737596340466
1993.5216005718323, -0.416058895515691
1993.5564860659647, 0.15612492177204554
1993.595629149933, 0.5933613338842902
1993.5838617964755, 0.455150055069039
1993.5823768149683, 0.34526142354372746
1993.5812293292583, 0.26034748100144056
1993.583292874989, -0.0578898416120681
1993.5749519074327, -0.2041817340828311
1993.6488634869906, 0.8698378908423232
1993.6473785054836, 0.7599492593170111
1993.6022553174157, -0.3814480265347825
1993.677267133272, 0.11467349512142397
1993.7083167466021, 0.654169976616798
1993.7035715556954, 0.522797712633331
1993.7020865741883, 0.41290908110801894
1993.700601592681, 0.30302044958270724
1993.694177922677, 0.1939553078022411
1993.693952925479, -0.032001021155842066
1993.7228425657079, 0.84999313797473
1993.7574291349915, -0.10695054493075574
1993.8292212409438, 0.29742701923930204
1993.817341388887, 0.15089084409637546
1993.81585640738, 0.04100221257106351
1993.8222463278044, -0.2187165530765572
1993.889642631356, 0.6348058177642291
1993.8811955936922, 0.4806647373273734
1993.8841655567064, -0.032130876681571184
1993.9225243647275, 0.8703354560745721
1993.914472679283, 0.7454504398749735
1993.939109872469, 0.3708841044571227
1993.93762826592, 0.2612452198216408
1993.9361399094548, 0.15110684140649955
1993.916340156027, -0.21521559667497253
1994.0164253382088, 0.5979319912502957
1993.992181086558, 0.4521463424751344
1993.9689670006496, 0.016306520113613273
1993.9480197615117, -0.06864342198035964
1994.0352961746335, 0.8955145710832498
1994.0338111931264, 0.7856259395579378
1994.03225871246, 0.6707423702360206
1994.119827621939, 0.5576857781622312
1994.160738541035, 0.9164354534066369
1994.1523734666364, 0.7683596545799436
1994.155962171945, 0.6676374089029955
1994.2482335228635, 0.5362750447962431
1994.2737707048416, 0.9608807570593629
1994.2722857233346, 0.8509921255340508
1994.2708108667014, 0.7418527346782294
1994.2643658219633, 0.6312058625955053
1994.3258294315394, 0.4177892703336213
1994.3949541957088, 0.7712981179864148
1994.3886055247706, 0.6677829070910652
1994.3871355430767, 0.5590042617427764
1994.4447348257763, 0.42591391915503635
1994.517397670885, 1.041240756313213
1994.5105577560646, 0.9013734981203484
1994.5090727745574, 0.7914848665950368
1994.5162816847828, 0.6656286339188481
1994.4985766552686, 0.564201697017623
1994.5506522567562, 1.3043614795952787
1994.5439023408148, 1.1711541384645543
1994.5843439800406, 1.4951771033135144
1994.639751147182, 1.6708099161076555
1994.6308412581395, 1.0114781269557835
1994.62618381614, 0.886599282107904
1994.5828156062166, 0.7541578314393256
1994.6741487188192, 1.3591959967252882
1994.663477101716, 1.228811920435636
1994.6619921202089, 1.1189232889103244
1994.7078802987503, 1.5843569927307393
1994.691095507776, 1.4411417762309615
1994.7563125527522, 1.034539696906287
1994.748070423251, 0.8955618204948392
1994.7879343018146, 1.2814837644980348
1994.786404320868, 1.1682651744416526
1994.814951965356, 1.6691305370214455
1994.8161602003095, 1.5387680604628056
1994.8146752188024, 1.4288794289374935
1994.8812901392275, 1.743174414931768
1994.839346161568, 1.0568105624179458
1994.9068528208882, 1.290579651224345
1994.9031448670644, 1.162705643676086
1994.941858099243, 1.5785983501590548
1994.9334062402108, 1.424100488451012
1995.002356631552, 1.7647057467959086
1995.0295812925153, 1.9478984654443716
1995.0273409632719, 1.3111743947520889
1995.017645191159, 1.064626965078039
1995.0692000848453, 2.2110307600109076
1995.0658508408403, 2.0678399717783464
1995.0652208486856, 1.654934113813581
1995.0533522464889, 1.5092304283034226
1995.0521035120396, 1.4168240790662283
1995.102120389165, 2.449414648490738
1995.0940879891948, 2.3259567573758844
1995.0736919931921, 1.1829394916981657
1995.126757582351, 1.81321514269447
1995.148526061262, 1.9589368279804722
1995.1451061038517, 1.3395735410893634
1995.1876900378275, 2.1884127559651216
1995.1845143630892, 2.0580660934952597
1995.180265130292, 1.6389695983385628
1995.1718470208393, 1.4869692055288228
1995.1989141837641, 2.391079946378109
1995.212279017328, 2.281218314516562
1995.207689074488, 1.2089896672878477
1995.1868318342292, 1.057442354550057
1995.2362637186397, 1.8583675803981965
1995.223911372467, 0.9442939636194652
1995.262579390923, 1.3882368350713878
1995.2612834070624, 0.8527903031408286
1995.2498254247519, 0.6642152015207277
1995.2550734843962, 2.151430930796127
1995.2535885028892, 2.0415422992708145
1995.26384837512, 1.7019135287654341
1995.262363393613, 1.5920248972401227
1995.2461635953537, 1.4920991416442553
1995.2779106999978, 0.5448069385461204
1995.287338082596, 1.242433250805297
1995.3003879200826, 1.1092619092262601
1995.3059566007341, 0.4224849618568267
1995.3135277564484, 0.9827504847093632
1995.343254386254, 0.32548686980192393
1995.3325625194032, 0.19360431217329077
1995.3220191507028, 0.07271061769718795
1995.346399847083, 0.8512801219475489
1995.3650778287663, -0.06892113280765914
1995.3477633301031, -0.2199387378563388
1995.3825476112102, 0.5959231591240024
1995.3943017505467, -0.3657027226155734
1995.373548008999, -0.5095911307319035
1995.3958092317737, 0.47842376523484215
1995.4107940451634, -0.6104186750975347
1995.4093090636563, -0.7203073066228477
1995.3988196942835, -0.8372050508616654
1995.4282313280119, 0.3136538171623269
1995.4363762265812, 0.1838034342264386
1995.4348912450741, 0.07391480270112648
1995.4353862389098, -0.9883149690464565
1995.4244828746926, -1.1358483317711183
1995.462397152535, -0.0883666763610081
1995.4606309245305, -0.21906754870550682
1995.4676572656008, -1.268917331767502
1995.459067194004, -1.433642923249546
1995.4880468331123, -0.3880089448297833
1995.5012091691979, -0.5128553900811424
1995.5351564250145, -0.6694167975198304
1995.526757601036, -0.8199900652448262
1995.5252726195288, -0.9298786967701368
1995.5590896983952, -1.0960731985308465
1995.5859350783676, -1.3072337117454764
1995.5555122429462, -1.4392948528644418
1995.6221069136236, -0.13752496417873208
1995.6233151485771, -0.26788744073737
1995.62183016707, -0.37777607226268306
1995.6203451855629, -0.48766470378799487
1995.6632119731592, 0.01581924046756295
1995.6543020841164, -0.6435125486843072
1995.6459611165603, -0.7898044411550705
1995.6444761350533, -0.8996930726803842
1995.643126151865, -0.9995918286124839
1995.641168676242, -1.1444450247140332
1995.7501316050095, -0.1452838961259524
1995.7417086741884, -0.29764107020687963
1995.7402236926814, -0.4075297017321914
1995.7387387111744, -0.5174183332575022
1995.7608671856021, 0.02122945880684545
1995.7728498935207, -0.6618491774758624
1995.7554177534655, -0.8215722455414802
1995.791936486187, -0.976220244665533
1995.8182864705432, -0.12518071790517693
1995.830976312513, -0.2849917277327732
1995.8294913310058, -0.39488035925808357
1995.8577059796407, -0.5047149914558662
1995.8597647040028, -1.0849422657189773
1995.8915519867182, -0.6687688055894591
1995.8831531627397, -0.8193420733144535
1995.9111653138964, -0.9441615189020504
1995.985225391605, -0.5184686201779761
1995.9685480367928, -1.0932772869205682
1996.0131970432658, -0.6462850284435354
1996.0026266749016, -0.7691766980382799
1996.0011416933946, -0.8790653295635944
1996.044476153738, -0.9688932109111865
1996.1048107595168, -0.2716500367378265
1996.0964167569068, -0.4218665231916345
1996.0949317753998, -0.5317551547169465
1996.0795082174739, -1.123668783446533
1996.1375709944014, -0.04511128646137186
1996.1294575954398, -0.17456310293215188
1996.1286861764752, -0.7025878130030752
1996.105607892447, -0.8405818088099277
1996.1730395527013, 0.12021022617092232
1996.1185902307743, -0.9787480881855715
1996.20381466945, 0.2731075220969851
1996.2014454489545, -0.34175852079959557
1996.18467190784, -0.4841412476666044
1996.1688771045374, -0.5540973764828422
1996.2643209159482, 0.54350838328883
1996.2601629677283, 0.34047348316932446
1996.2409662067912, -0.05448479830176562
1996.2181514909093, -0.20437073172918954
1996.2670658817644, 0.11871624477590194
1996.328917611507, 0.6665934219040665
1996.2982729931332, 0.23032385489427973
1996.3507198399975, 0.814812576088371
1996.3905713437152, 0.9067896306716944
1996.379798477873, 0.5491412845692645
1996.344442418172, 0.3502833610040981
1996.4221609503209, 1.0467018883041683
1996.4536695579352, 1.1806202205807155
1996.4311957128084, 0.7263009283493403
1996.4851241662218, 1.3105426026199785
1996.5063150451829, 0.8693248972307798
1996.5317525855448, 1.0249239595109698
1996.5720900832102, 1.1528645662298505
1996.595505541611, 1.3472054460470604
1996.5890818716068, 1.2381403042665935
1996.5936396719899, 0.738191387416896
1996.6258656992413, 0.9251987728459321
1996.6876949292644, 1.1051245321787768
1996.721992216436, 1.2570292690368905
1996.6966125324966, 0.6975638362206024
1996.7292956254846, 0.9183940861580782
1996.6924005849492, 0.825423443948186
1996.8095566259713, 1.070382393404037
1996.838584478765, 1.282358039324725
1996.8305713642687, 1.160327273294616
1996.8955460551201, 0.9137015445956459
1996.8757148020845, 0.7648199986602959
1996.9269466640794, 1.0396279763976242
1996.9221947232568, 0.6879843555166262
1996.9048300823608, 0.5332562252476133
1996.9367475420263, 1.3253492182289415
1996.9498423789526, 1.1955078351809756
1996.9481548999672, 1.0706343902658482
1997.0114208978118, 0.8859412617309924
1997.0384205615774, 0.6861977491943199
1997.021283489276, 0.5483096949252895
1997.0780007829592, 1.1557823298941015
1997.0663121785208, 1.0233984785082229
1997.1071925622825, 1.379888539035116
1997.0992180187347, 1.2607120231744953
1997.140035724706, 1.6125639271759697
1997.131887611891, 1.4805432855526501
1997.1086004018932, 0.8561490613132487
1997.1665596801097, 1.8485577025634214
1997.1654346941195, 1.76530873928667
1997.1067104254296, 0.7162908030083069
1997.1781245360892, 1.1659540032233322
1997.155354819647, 1.0193980283269775
1997.2196365191287, 1.3808065276031407
1997.2598178044539, 1.6855633038080533
1997.251361124053, 1.5307086608288243
1997.2853807003974, 1.8504386791390806
1997.339067844316, 1.4278500667564373
1997.3430249825367, 1.7206782950824107
1997.3709696345338, 1.5908639116982088
1997.3665371897323, 1.262862996387808
1997.3922993689087, 1.1285255264737601
1997.430922387925, 0.9726148109318205
1997.4422824964543, 1.373719115864715
1997.4456237048453, 0.8883956597370978
1997.4756878304481, 0.7689077477543816
1997.4848407164645, 1.2264494498561616
1997.4982055500284, 1.1165878179946145
1997.5264201986633, 1.0067531857968341
1997.5365366351805, 0.6565101724736679
1997.5545898478586, 0.8935885950679828
1997.5741702290186, 0.5111046082509187
1997.6125828756549, 0.7896353896271048
1997.665603465374, 0.6840082050327703
1997.6879063126303, 0.5029867093454461
1997.7259477138898, 1.015678503218721
1997.7175103189631, 0.8622509853242367
1997.7601832875444, 1.163016439805653
1997.7897440622728, 1.3411710211954857
1997.7862630341945, 0.7696151389450371
1997.74434123483, 0.6500201282960517
1997.815249101794, 1.5017650212722804
1997.8442640976048, 0.980216373410237
1997.8765479812787, 1.1715051340935054
1997.9088318649524, 1.3627938947767744
1997.9047304874566, 0.7976587897093997
1997.8829507586859, 0.6511046147906298
1997.8812362800368, 0.4509759070509039
1997.916276057962, 0.34386515521757277
1997.9626769086904, 0.9518898690254745
1997.9443749937523, 1.1673471858736286
1997.9822420221833, 0.23338561676528058
1997.9833895078932, 0.7578432855433085
1997.9967543414573, 0.6479816536817613
1998.0090391884705, 0.45820101707453376
1998.1016094642378, 0.24430582362995087
1998.0844222497035, 0.10270724414058444
1998.1667622243, 0.4085396355219811
1998.213741639252, 0.22215195666127524
1998.1773370926082, 0.09222057473409098
1998.2791978241073, 0.4507005104804963
1998.2452187472586, 0.3537393179660736
1998.3168286054804, 0.5981159746733838
1998.4212951259574, 0.6680192612905358
1998.5185228437242, 0.7987747758117046
1998.5560973757977, 0.648998641016926
1998.5591005258987, 0.5049453099544292
1998.5747380722312, 0.34349255985761007
1998.6089717173384, 0.8988355297263982
1998.6024647983709, 0.19755166301579796
1998.597868105615, 0.07716826218486203
1998.5963831241077, -0.03272036934045209
1998.5948981426006, -0.1426090008657603
1998.5934131610936, -0.2524976323910734
1998.5919281795864, -0.362386263916387
1998.5904431980794, -0.47227489544169726
1998.5889582165723, -0.5821635269670088
1998.587473235065, -0.6920521584923196
1998.585988253558, -0.8019407900176319
1998.584503272051, -0.9118294215429437
1998.5830182905438, -1.0217180530682584
1998.5815333090368, -1.131606684593568
1998.571023689916, -1.2500029101713672
1998.6371863659733, 0.7890008975286178
1998.6109156931295, -1.3748007560279516
1998.606271750962, -1.4986806133165125
1998.6047867694547, -1.6085692448418245
1998.6033017879477, -1.7184578763671363
1998.6018168064406, -1.828346507892446
1998.6003318249334, -1.9382351394177582
1998.5988468434264, -2.0481237709430706
1998.5973618619191, -2.1580124024683824
1998.595876880412, -2.2679010339936965
1998.594391898905, -2.3777896655190056
1998.5929069173978, -2.487678297044321
1998.5914219358908, -2.59756692856963
1998.5899369543838, -2.707455560094944
1998.5884519728766, -2.817344191620257
1998.5869838661595, -2.925984088696416
1998.6762683792738, 0.6592067638922401
1998.6249465183996, -3.0470393311607142
1998.6131229156424, -3.1894130581398032
1998.6116379341352, -3.299301689665114
1998.6101529526281, -3.4091903211904278
1998.6088873433891, -3.502845404876774
1998.660433263973, 0.3115527183279149
1998.6979356094455, 0.8890076521157811
1998.693220668162, 0.17381555860832226
1998.686460752345, 0.039868226692916016
1998.684975770838, -0.07002040483239651
1998.6981156072038, -0.1965318293492938
1998.6966306256968, -0.30642046087460356
1998.6951456441898, -0.4163090923999169
1998.6936606626825, -0.5261977239252263
1998.6921756811755, -0.636086355450539
1998.6906906996685, -0.745974986975851
1998.6892057181612, -0.8558636185011655
1998.6877207366542, -0.9657522500264766
1998.701209318677, -1.0664564959275815
1998.69972433717, -1.1763451274528907
1998.6982393556627, -1.2862337589782045
1998.7357801381568, -1.438507362671283
1998.7240577841385, -1.5733886829554642
1998.7225728026315, -1.683277314480776
1998.7210878211242, -1.7931659460060878
1998.7196028396172, -1.9030545775314005
1998.7181178581102, -2.0129432090567128
1998.716632876603, -2.1228318405820232
1998.715147895096, -2.2327204721073355
1998.713662913589, -2.34260910363265
1998.7121779320817, -2.452497735157961
1998.7106929505746, -2.5623863666832705
1998.7092079690676, -2.6722749982085814
1998.7077229875604, -2.782163629733896
1998.7062380060534, -2.892052261259206
1998.7435110418814, -2.990881830506197
1998.7327989252826, -3.124262869473814
1998.7313983177248, -3.2279078287533705
1998.7149453976176, -3.346564601086506
1998.7058836354665, -3.467705342486062
1998.7125154278788, -3.526382361764287
1998.830716098749, -0.7447690019943309
1998.822302810665, -0.8964126135328812
1998.820817829158, -1.006301245058195
1998.819332847651, -1.1161898765835083
1998.8178478661437, -1.2260785081088201
1998.8163628846366, -1.3359671396341308
1998.8689784793994, -0.3727046354187416
1998.8572336256616, -0.5092509349684576
1998.8510237029955, -0.6024987737263414
1998.8541286643285, -1.4715909506718616
1998.8423838105905, -1.6081372502215754
1998.8408988290835, -1.7180258817468879
1998.8394813467357, -1.822919575475597
1998.8231240504379, -1.9345001859302098
1998.8216390689308, -2.0443888174555194
1998.8201540874236, -2.1542774489808307
1998.8188041042354, -2.254176204912932
1998.8026943048553, -2.3474420434466587
1998.8012093233483, -2.457330674971973
1998.799724341841, -2.567219306497285
1998.8028518028939, -2.7020736271176986
1998.781904563756, -2.7870235692116725
1998.8997773815663, -0.02967133588236769
1998.891354450745, -0.18202850996329314
1998.8902407146147, -0.26444498360727936
1998.9342636663844, -0.7428682256652406
1998.9335751749584, -0.9037025227495504
1998.910017968323, -0.9986468403806966
1998.9085329868158, -1.1085354719060057
1998.9070480053088, -1.2184241034313188
1998.9056642725407, -1.3208203282617217
1998.9688772353315, -0.3791827547448605
1998.9609798336803, -0.5240467507119141
1998.930267716147, -0.5990248169885228
1999.0202248101712, 0.0925638561733945
1998.9970018850872, -0.05613357776904085
1998.9956069024593, -0.15936229223221357
1998.9649622840857, -0.2293454207122137
1999.0862976480614, 0.3248834273167669
1999.115331125785, 0.5372753180538398
1999.10718301297, 0.4052546764305202
1999.1493314166553, 0.8555782112793512
1999.1408650935175, 0.7000100057577505
1999.1109123415276, 0.13179533189827367
1999.1862920278027, 0.3254814698691715
1999.2136291873653, 0.5902563725512666
1999.212144205858, 0.48036774102595453
1999.2625998275198, 0.9175057972201951
1999.27064347735, 0.7801630075893989
1999.2299639839434, 0.7001720037403436
1999.3584823834667, 1.053372605231815
1999.3935433754136, 1.3455141099668975
1999.3851445514351, 1.194940842241901
1999.385977041068, 0.8902586365369124
1999.3741534383107, 0.7478849095578245
1999.4262708249921, 1.5696267475992844
1999.4178816437507, 1.4197670424166609
1999.4881964823855, 1.7566881323558514
1999.4639700697983, 1.0941888969348117
1999.4972606552212, 1.2500876554827984
1999.475413427291, 0.915395323502531
1999.4537911965588, 0.7804960034425067
1999.5418775995936, 1.5848213869475056
1999.5079255224084, 1.4898581695517252
1999.5064405409014, 1.379969538026413
1999.611019238553, 1.7930643936375354
1999.5993531338343, 1.662345521517193
1999.6625178829397, 1.4701599862874297
1999.64517831316, 1.317287118628584
1999.6878975668792, 1.150537966632235
1999.6705984965952, 1.0006620616513524
1999.7113409892172, 1.817887884503476
1999.7183541518802, 1.6775463322171318
1999.7219878566286, 1.580154045071254
1999.7133543927152, 0.8366244473160181
1999.6960861791897, 0.6890319424707255
1999.7332883409006, 0.5849576885372995
1999.7592923920647, 1.4103981590900554
1999.7575824133596, 1.2838597349093945
1999.7606086256733, 0.4089401305345021
1999.7851108205402, 1.1232432351127946
1999.7833670922555, 0.9942073420338297
1999.810929249016, 0.8360883111355326
1999.8240915851018, 0.711241865884171
1999.852593105164, 0.6226357193219617
1999.8498087648381, 0.4165945352120014
1999.9510382184844, 0.8434785048176138
1999.9428394813, 0.7077116598468408
1999.9864495632112, 1.0045662130318338
2000.0114962512976, 1.1731035141884192
2000.0501462699779, 1.3226852514040859
2000.0807773885197, 1.4649266800307241
2000.0530037343929, 0.8015647410674652
2000.101725270507, 1.0057271985737473
2000.0938857252777, 0.8965405583063367
2000.1271965604483, 1.1638237297522396
2000.1653287641486, 1.3169484657030692
2000.190882017355, 1.4811102784917252
2000.2222353769027, 1.0541105960414034
2000.1783766730878, 0.9220012412371406
2000.2336764844233, 1.3513228947712888
2000.2466363230308, 1.2114916361301116
2000.2749473990361, 0.637852922674901
2000.3363427058914, 0.5240351972225813
2000.3920520121274, 1.105754952899395
2000.3952887575335, 0.7522389267645693
2000.3919395135283, 0.609048138532008
2000.454938728981, 1.2418392582024584
2000.4378108172798, 0.523803450108594
2000.4857954875702, 0.8565810559334963
2000.5143154895452, 1.118186798082057
2000.5147092346417, 0.7199897569441718
2000.6060950608735, 0.9678749556728848
2000.5974632040827, 0.8000572598405624
2000.5872370814316, 1.142183499244246
2000.6226934255978, 0.6263549230056508
2000.6573912077822, 0.473005832705913
2000.6892418111374, 0.3392026989947658
2000.7119305285883, 0.846051187064978
2000.715417985158, 0.7378365346931229
2000.7081055762217, 0.19671827339423828
2000.7483800746716, 0.6130260889934481
2000.7455091104246, 0.10754558388735042
2000.8070143444822, 0.45187152446895174
2000.7986444487149, 0.3034389443710724
2000.8348464978806, 0.7846719514382265
2000.8650906212417, 0.6052465858738341
2000.8495002439645, 0.14227023716555653
2000.883136521511, -0.03730356226463159
2000.92548501199, 0.4278263953384224
2000.917071723906, 0.27618278379986794
2000.9165751229475, -0.23150539381344817
2000.942980151261, -0.3705986616450402
2000.967156100191, 0.13641902431810532
2000.994797005971, -0.01587257915082126
2000.9856621197303, -0.14242450316336655
2000.9948813799201, -0.5590585646997392
2000.9931095269856, 0.4086836337287297
2000.991557046319, 0.29380006440681344
2001.0224716613304, -0.7150963715161197
2001.0426764097149, -0.3188043066550179
2001.0559849939793, -0.43282838668039747
2001.0603161900417, -0.8448927551244745
2001.078327215745, -0.977222607182825
2001.1041996435483, -0.6010659915691896
2001.099256776532, -1.1552140334616157
2001.1392259216418, -1.3370953398700416
2001.155242507897, -0.7797875658980943
2001.1663605837261, -1.5268489768135063
2001.1825346680198, -0.9578863479828138
2001.1810496865128, -1.0677749795081217
2001.1822084220826, -1.7146014243926406
2001.216464245485, -1.1942459045293732
2001.217976226656, -1.8515608187979657
2001.2133255345723, -1.975940169866184
2001.2441389008445, -1.3440400390999938
2001.2432421262981, -2.116810915562333
2001.2793059628991, -1.488825736042128
2001.277820981392, -1.5987143675674405
2001.2781044778615, -2.237051218175312
2001.311773058577, -1.754918993734941
2001.3423501777913, -1.9515639734299606
2001.326504750119, -2.391552744123438
2001.3692283430698, -2.087041086294568
2001.404150479603, -1.512145731345814
2001.395809512047, -1.6584376238165757
2001.3974294918728, -2.2711319937576264
2001.4236866648848, -1.7932469449973862
2001.4370514984487, -1.9031085768589322
2001.4504163320125, -2.0129702087204757
2001.4340815354344, -2.122885839909553
2001.5236914909244, -1.4569854182730348
2001.4855158949076, -1.613321185664539
2001.469721091605, -1.6832773144807747
2001.5884521130133, -1.3217698164374734
2001.6192992288652, -1.1635445868617007
2001.6504568408507, -1.0555999311275
2001.6454484032222, -1.426224315635596
2001.6721848202658, -0.9861324962254167
2001.707273133301, -1.3198888398618176
2001.7565250199532, -1.4950935151305331
2001.7850546646653, -1.0583520968539883
2001.7912870870512, -1.6227548681841846
2001.7806897190233, -1.7476445128975655
2001.779204737516, -1.8575331444228824
2001.7687693674707, -1.9704349384244155
2001.8435989355967, -1.487799748819043
2001.9207697602806, -0.6435356912532482
2001.9078243857787, -1.1305536977067152
2001.9075399250355, -1.6225434993878463
2001.8991169942144, -1.7749006734687707
2001.8976320127072, -1.8847893049940851
2001.8964001530478, -1.9759469197821269
2001.9565250292956, -0.4569975856944217
2001.9469513985186, -0.7991598246497919
2001.9333673074811, -1.2811162206675586
2001.9871966473331, -0.31175919438981964
2001.992029587147, -0.9430950321833163
2001.9584675051053, -1.4121136913592518
2002.0336428189255, -0.6108641695496654
2001.9820397115539, -1.1329161682861895
2002.0505738580785, -0.4568265878239074
2002.0313815970853, -0.7781945857359329
2002.1054703619366, -0.24049290688936695
2002.0521038390252, -0.3436079977675252
2002.1959541904725, -0.05935553764504811
2002.2084588918908, -0.20147096784078394
2002.257686993125, 0.11343459626407484
2002.322392973037, 0.24460667702619426
2002.3130780890378, -0.07840830037552496
2002.3694848865878, 0.06654389449316449
2002.4169142959358, 0.27974223947294435
2002.4303016292195, 0.1715455868769334
2002.4305581260253, -0.02924551261383956
2002.4167072985135, -0.1751192960057214
2002.4539375848742, -0.2771123258572272
2002.4795856583285, -0.4198936191893455
2002.488013410518, 0.0467801406168685
2002.5153505700807, -0.5989283896179335
2002.5526438556567, -0.11543383928585095
2002.545455195179, -0.7572806461832318
2002.5780122897363, -0.2527451293089219
2002.6065419344484, -0.44392331994058065
2002.633425885369, -0.6522295829857166
2002.6648612081817, -0.05279461935004746
2002.6638892202861, -0.7840373129747715
2002.6930758568167, -0.16262925154782917
2002.6915908753094, -0.2725178830731421
2002.7289584099608, -0.3643545394048824
2002.7182867928575, -0.4947386156945372
2002.7555530787697, -0.594067678721189
2002.747804175269, -0.9477146746535814
2002.7686299159202, -0.06592545582797153
2002.7836867284134, -0.7098962362748971
2002.7730623607217, -0.8367838561069226
2002.7572945570826, -1.3442857360402574
2002.8203522718068, -0.1943646563377177
2002.794437094536, -1.4527721850273514
2002.8483779227954, -0.31818511436599634
2002.8377603050196, -0.4445732404183623
2002.831746129916, -1.5489377874494865
2002.8749455919406, -0.549896228800941
2002.8602459624992, -0.978353218103002
2002.9099217278012, 0.028995076385096005
2002.9015807602452, -0.11729681608566726
2002.8995268572517, -0.7402253442920861
2002.8915233854925, -0.8615425477798235
2002.9027764596406, -1.1276743764208739
2002.9065841354366, -1.3953360252963452
2002.9591575432248, -0.25205213793894565
2002.9576725617178, -0.3619407694642527
2002.907138191037, -1.5374791301474373
2002.9782429305492, -0.4880224493328842
2002.9547025987035, -0.5817180325148807
2003.02301174803, 0.07772175529205383
2003.021526766523, -0.0321668762332554
2003.029581666213, -0.16867717623128764
2002.9680674322676, -0.6915796643764262
2002.9665824507604, -0.8014682959017352
2002.9650974692534, -0.9113569274270514
2002.9630049953114, -1.0661999991218067
2003.111773142659, 0.05290906429162134
2003.1398190433954, -0.06941291239767325
2003.1383340618884, -0.17930154392298614
2003.1278109429356, -0.2986967570601032
2003.1699574180736, -0.40317825592199247
2003.1988470583026, -0.5677167783050899
2003.2267242111404, -0.2315863928047475
2003.2560477745371, -0.7303010393108829
2003.268877436194, -0.4088256855929298
2003.3140411237578, -0.5830626157703953
2003.3129688513968, -0.9135786140454639
2003.3046013663138, -1.0618328035077464
2003.341634780126, -1.1783944019326875
2003.3294410569779, -1.4214143255357856
2003.370983414639, -0.764770352911763
2003.3665824694453, -1.5299840234861535
2003.355917602258, -1.6598686059961467
2003.3442177479596, -1.7930849470147885
2003.4315552317494, -0.9290609926675268
2003.4231467650338, -1.080347822934894
2003.4228767683962, -1.8329004511808837
2003.457445980753, -1.210864197576994
2003.4935387455653, -0.737718232656727
2003.4866499742102, -1.435863195599853
2003.4759986068548, -1.5647487905505233
2003.4745136253475, -1.6746374220758398
2003.527461894539, -0.4251238397701939
2003.5190630705606, -0.5756971074951888
2003.5602857714882, -0.19387557671408365
2003.552272656992, -0.31590634274419205
2003.5498909009384, -0.9630959973912668
2003.5415402906453, -1.1101014524044013
2003.4974183401087, -1.8111207224101031
2003.5548376250497, -1.2249580220625547
2003.60660948032, -0.6904186788345122
2003.6145968808505, -0.8319239166291473
2003.5514176676395, -1.4780348704238786
2003.6392790734762, -0.4705874164563553
2003.637794091969, -0.5804760479816681
2003.6821005402082, -0.1588330988224126
2003.6716111708354, -0.275730843061227
2003.6701261893281, -0.3856194745865392
2003.7313286414421, -0.7230149871890351
2003.7140816419383, -0.8690376544411128
2003.765462002084, -0.5832408135512477
2003.7924684157654, -0.1231692429546509
2003.7909834342581, -0.23305787447995965
2003.789498452751, -0.34294650600527443
2003.788013471244, -0.4528351375305875
2003.8783340964553, -0.582036628547312
2003.9203230735545, -0.1853719683262431
2003.9085669699566, -0.3227507575087317
2003.902300797991, -0.4201610444304484
2003.9939702814047, -0.596061603890266
2004.0300992064808, -0.12023977943609769
2004.0286142249738, -0.2301284109614114
2004.0271461182565, -0.3387683080375706
2004.0107944468884, -0.44993267367580153
2004.1589101023617, -0.11168088602245622
2004.1466280678135, -0.28797856553682005
2004.2466750808278, 0.051404797310404676
2004.2809530825255, 0.20188240908377378
2004.273655459119, -0.14976584031101378
2004.2431940527495, -0.2846812315994694
2004.3122456928295, 0.3198169404111848
2004.3437003011163, 0.010195596214703707
2004.3753349071615, 0.1534378123782499
2004.4286142436586, 0.3285910597159852
2004.3765048925914, 0.2400167341860713
2004.4900770496731, 0.4814014424386897
2004.5519448506443, 0.6641814519410224
2004.5361629043243, 0.3335435694695307
2004.6029308228442, 0.5126458390575293
2004.6748511771993, 0.7067419219232663
2004.6631738226208, 0.5751905601701551
2004.764787057202, 0.842098436289719
2004.7960526678423, 0.9580349924984879
2004.7928127081905, 0.7182779782614442
2004.7675950222335, 0.6103441223927488
2004.7516989701917, 0.5328955868816047
2004.827291278819, 1.0719735735886147
2004.9140411984972, 0.8983117362493507
2004.9001903709857, 0.7524379528574698
2004.9372879089995, 1.0801652715750474
2004.9308079896957, 0.966937681630743
2004.963169015266, 0.6406686018961537
2004.9889585155304, 0.5083528925188264
2005.0150469406437, 0.7906073775226627
2005.0099459327396, 0.33464284149426626
2005.0095120095718, 0.9304521359957211
2005.0510914917706, 0.16132621414171747
2005.1168163875654, 0.7080211917064383
2005.1083982781129, 0.5560207988966982
2005.1069132966056, 0.4461321673713867
2005.1437813374773, 0.3173329713447656
2005.1786841885364, 0.8908012012087723
2005.1692150207443, 0.19008278459931527
2005.146805299819, 0.10156245839693198
2005.2434865958191, 1.0291089073946131
2005.2354509816032, 0.6961066257962356
2005.2120994866918, 0.5378950246221704
2005.2107495035036, 0.4379962686900695
2005.3048883311658, 1.1774000606822919
2005.2760211906566, 0.8726638556497736
2005.349059781086, 1.002994832600686
2005.414439466894, 1.2258824569170876
2005.4129544853868, 1.1159938253917772
2005.449887775446, 0.9187657815292498
2005.4859210767129, 1.0212250055751075
2005.4675388056326, 0.7597962612223422
2005.5044968453835, 0.6376569822578615
2005.484868089826, 0.5037602497123264
2005.5175106833185, 1.1611372632075794
2005.5312265125115, 0.41793371853476885
2005.511476258467, 0.27504609795534507
2005.558302675324, 0.1505938477949582
2005.536556696133, 0.00653714177449271
2005.559697657952, 0.9863954393176989
2005.5826698718724, 0.854907076780041
2005.5862248276017, 0.7516873622047896
2005.6189169204774, 0.6068971653186954
2005.6463890783589, 0.4421182173582582
2005.639582913118, 0.3047484280636973
2005.6737230236756, 0.16245827147245345
2005.656383453896, 0.009585403813606355
2005.713277531092, 0.8917731891043278
2005.704854600271, 0.7394160150234017
2005.735816464694, 0.6131034880295763
2005.7781249378143, 1.0334108538212385
2005.7306730287467, 0.45226109104613915
2005.7293905447177, 0.35735727291064356
2005.8367624218706, 1.2387805820073183
2005.818438810774, 0.9032027253404581
2005.779542420162, 0.772018109020162
2005.8710712803268, 1.3915415939162785
2005.8937509978898, 1.531437651750492
2005.887518575504, 1.07023839519729
2005.9338904980211, 1.2051827146969238
2005.9736700026356, 1.401717767189471
2005.9501802951595, 1.3117683873549302
2006.0126001428273, 1.5353998524080692
2006.121043167355, 1.501882019815265
2006.2494715679993, 1.482136265714813
2006.3611441058806, 1.4259692508930644
2006.405360876665, 1.2967790740211547
2006.4714088041512, 1.4226020071120322
2006.5140007737411, 1.2778298100017818
2006.5036329028553, 1.1699229537968518
2006.586184374818, 1.125119711744494
2006.6903760772889, 1.1432904854586285
2006.6888910957819, 1.0334018539333167
2006.6874061142748, 0.9235132224080062
2006.6767547469192, 0.7946276274573344
2006.723288667419, 0.7217879345509498
2006.7121529935948, 0.557063660909638
2006.7095627133522, 0.3653829229649178
2006.7081114814248, 0.2579917603379089
2006.7792724702367, 1.1284676700514065
2006.7777874887295, 1.0185790385260938
2006.8055296432485, 0.8737798417520789
2006.8426271812623, 0.761963434233915
2006.8319893137386, 0.6340768268425648
2006.830791203659, 0.5454166809528246
2006.8195874681824, 0.3756558450332691
2006.8269606263623, 0.26195396099548607
2006.9298180954488, 0.9139643413229636
2006.961542700373, 1.0638664745486466
2006.9494378511183, 0.7541659313384568
2006.9293636011087, 0.5873026093353286
2006.9028634311228, 0.3844649353311374
2007.0269943852845, 1.1455674571028467
2007.0478403756833, 0.8567385539721301
2007.0834101827224, 0.9981564928539216
2007.1027091566723, 0.7308976211054068
2007.120975714908, 1.1407435171767575
2007.1260927940407, 0.5775279596332783
2007.1631401898217, 0.9643367140213404
2007.1764150245062, 0.8478151650976545
2007.2044046759431, 0.7213307402445217
2007.2261034057226, 0.5688618389835375
2007.2477616360065, 0.41339597504459175
2007.3658888935051, 0.36393850523838184
2007.4555240486816, 0.2572695193321829
2007.4524820865638, 0.3984507611616322
2007.5181407688974, 0.12918311442897046
2007.5451854321025, 0.00602684812932125
2007.5737113268613, 0.2122535799286055
2007.570082979189, -0.16089741597201487
2007.561688976579, -0.31111390242582393
2007.560203995072, -0.421002533951141
2007.549721375615, -0.5374007844102945
2007.596237296339, -0.684829748435069
2007.5845036924609, -0.820543558352016
2007.5830187109539, -0.930432189877327
2007.5815337294468, -1.0403208214026378
2007.5800487479396, -1.1502094529279518
2007.5785637664326, -1.2600980844532625
2007.5770787849253, -1.3699867159785752
2007.5756106782082, -1.4786266130547359
2007.6126305921887, -1.5961871990389922
2007.6020197243288, -1.7220758313117028
2007.6005347428218, -1.831964462837012
2007.5990497613145, -1.9418530943623238
2007.5975647798075, -2.051741725887635
2007.5960797983003, -2.161630357412951
2007.5945948167932, -2.2715189889382583
2007.584159446748, -2.384420782939797
2007.6404042463153, 0.019519480101699824
2007.6372092861031, -2.4146262067829785
2007.675762555988, -0.11111389308337995
2007.6666389196073, -0.2368333274631592
2007.6651539381003, -0.3467219589884689
2007.6636689565933, -0.45661059051378505
2007.662183975086, -0.5664992220390968
2007.6753913106113, -0.6880157087593853
2007.6739063291043, -0.7979043402847009
2007.6872036635086, -0.9127609099428534
2007.6857186820016, -1.0226495414681618
2007.6842337004946, -1.1325381729934771
2007.6827487189873, -1.2424268045187867
2007.6812637374803, -1.3523154360440968
2007.6944598231457, -1.4746644123971595
2007.72734316364, -1.6053022855262047
2007.7205144986792, -1.7443370540862981
2007.7190295171722, -1.8542256856116153
2007.7175445356652, -1.964114317136923
2007.716059554158, -2.0740029486622342
2007.714574572651, -2.183891580187548
2007.713089591144, -2.29378021171286
2007.7264656745676, -2.4028093539416355
2007.8510376232373, -1.5358159508594862
2007.840494254537, -1.6567096453355872
2007.83900927303, -1.7665982768609008
2007.8375242915226, -1.8764869083862115
2007.829395464182, -2.0070804249247916
2007.9394576649743, -1.397512873187434
2007.9736160967325, -1.2558834369394811
2007.9662837594726, -1.6101005114868032
2007.9579427919166, -1.756392403957564
2007.9564578104096, -1.8662810354828778
2007.9550403280618, -1.9711747292115838
2007.9100183887329, -2.006220292779116
2008.0482161677164, -1.4495466251961786
2008.083592477165, -1.2491902202920253
2008.0871136833143, -1.3549074037655828
2008.0348243344886, -1.5614548315711398
2008.0333393529816, -1.6713434630964519
2008.0318543714745, -1.7812320946217688
2008.2082778887075, -1.2842839975448554
2008.1909093907166, -1.4392975528308163
2008.264222558084, -1.0688760193679845
2008.3049463277248, -0.7239754038001203
2008.34086552327, -0.52530673502097
2008.3300791575955, -1.2502405072125002
2008.3105044013655, -1.3801412895207508
2008.273973856291, -1.4461392676289802
2008.3701215875071, -0.2964434422641381
2008.3617227635286, -0.44701670998913595
2008.3664139551079, -0.8324414101846476
2008.376066334904, -1.0338814015945825
2008.3526103770077, -1.1213333125308225
2008.4181351860086, -0.6679347088338459
2008.4496066690851, -0.5367635923454296
2008.4833224992121, -0.23951079411989773
2008.4818375177051, -0.349399425645209
2008.4754138477008, -0.45846456742567965
2008.4309431515073, -0.8190045775173888
2008.6084321911853, -0.2432078195083549
2008.600062295418, -0.3916403996062333
2008.589707924364, -0.4985482682518378
2008.6426137655124, -0.09986583315870594
2008.662065094708, -0.669810221191835
2008.6448277379411, -0.8151193259015425
2008.6458267255005, -1.4005098358653931
2008.6591465596248, -1.5137014262580106
2008.663579004426, -1.6252442371833553
2008.730470671405, -0.2648679783396023
2008.718624568928, -0.408906684584222
2008.717139587421, -0.5187953161095402
2008.7063638287573, -1.7871411638915708
2008.6979698261473, -1.937357650345378
2008.6875007065223, -2.0527569132452195
2008.7378955789404, -0.08171125924282832
2008.7068459656102, -0.1816640145024578
2008.7841460029708, -0.6150734171306954
2008.7734676359514, -0.7459569872000081
2008.7747636198121, -0.8698260446230622
2008.7703626746184, -2.0745834414331923
2008.7607777939818, -1.6850052929617603
2008.8436146909614, -0.42145188549809537
2008.8399993074136, -0.584336999900122
2008.82429450299, -1.851145795394939
2008.80127728963, -1.984620561766769
2008.8591325066423, -0.9999124496196997
2008.9079259615035, -0.3194882981370728
2008.8983121526555, -0.7692769825036895
2008.8903086808964, -0.8905941859914327
2008.8860393590635, -1.2065240016267016
2008.8294244391054, -2.099450131761155
2008.963693767011, -0.5148506652334058
2008.9386380790365, -0.6107966703902493
2008.9326981530082, -1.050351196491495
2009.0170046031158, -0.3059704664785122
2009.0155196216085, -0.4158590980038253
2008.9668527276715, -0.720631302588033
2008.9648952520483, -0.8654844986895788
2009.0770197932293, -0.5349984893267702
2009.1581183457856, -0.6323748016715838
2009.200689101354, -0.3705690905847233
2009.192266170533, -0.5229262646656481
2009.2869433843478, -0.5809080426019163
2009.3138659062167, -0.3154203487964105
2009.3123809247095, -0.42530898032172737
2009.3997754613602, -0.5512691617034126
2009.4313819427557, -0.41010816962178565
2009.4279563604155, -0.6636012627994935
2009.5251768461294, -0.5333809201851091
2009.55954934665, -0.3759103954964917
2009.5170383760515, -0.664687999266055
2009.608735984115, -0.47222089611416307
2009.6765196042718, -0.322609973547663
2009.790342472517, -0.2196525414204233
2009.8551146658904, -0.041719357273469024
2009.8923202025592, 0.07422799880080777
2009.90971473594, -0.176979572839154
2009.9542304315733, 0.18689039578362174
2009.9865119045628, 0.011714327301511177
2009.9553104181239, -0.09947703800048358
2010.0637928171614, 0.23620528165118537
2010.0179496380597, 0.14038797489162466
2010.1928624598202, 0.2639114366184806
2010.2696033791433, 0.0821564500655267
2010.30222234793, 0.29824150909622754
2010.300737366423, 0.18835287757091612
2010.297846152428, -0.025596958050338896
2010.3257683047054, -0.15707632070007224
2010.3627083446804, -0.2805475830769815
2010.3521717258961, -0.4009417837734223
2010.3895460104634, -0.49227894632550573
2010.3756951829516, 0.2409347227540963
2010.388790019878, 0.11109333970612967
2010.4018848568041, -0.018748043341832953
2010.4295595121637, -0.1685421779124587
2010.4455146259702, -0.6361527296239616
2010.4572341675232, -0.31833631248308
2010.484908822883, -0.4681304470536988
2010.531598955723, -0.7805782703369376
2010.5568291772381, -0.6403208027177527
2010.5934956849053, -0.9096173776615928
2010.6585166608945, -0.8074622212576604
2010.70345181559, -0.9358186227985263
2010.8333732333556, -0.7796728173270911
2010.7980880477721, -0.9183430904263541
2010.8918323267762, -0.49593238654245086
2010.8885087967365, -0.6372203413286827
2010.9247912020442, -0.25469424789313255
2010.9166334464921, -0.38742845205882387
2010.956817946063, 0.022219446478246186
2010.9500117808223, -0.11515034281631806
2010.9312582643652, -0.7703376835801884
2011.0155062152012, 0.11622867575431581
2010.9945274764555, -0.5571105389590638
2010.9578079337343, -0.6370943428977819
2011.033717488411, -0.29431201166459503
2011.0054623402805, -0.40724620526265
2011.0609331494866, -0.03852799701639132
2011.0232821183656, -0.18744194254825874
2011.131067026089, 0.09662601987182026
2011.2256735264987, 0.033411449958155
2011.2558302223772, -0.12108756887833551
2011.2746489880217, -0.2669019530099317
2011.302942385676, -0.370909157778339
2011.3228883872828, 0.006235645529110511
2011.332621123221, -0.5293811128529974
2011.3507430404006, -0.13023865491722725
2011.3672578347373, -0.6663187789574818
2011.3953914843808, -0.7821473365111955
2011.3935825069086, -0.2566960801065932
2011.4068123421537, -0.3765475875613511
2011.4347569941508, -0.5063619709455562
2011.4772814645814, -0.6561291058524129
2011.4803864259143, -0.8973016738897263
2011.5130222694909, -0.7584578315234007
2011.568443900738, -0.9742044304833305
2011.5987349520863, -0.45944555520915237
2011.596788726323, -0.6034662616779352
2011.6403369340048, -0.3111904014731601
2011.6307166966656, -0.761454794201362
2011.6274445945567, -0.8989370820949489
2011.6904100604297, -1.0012163083823697
2011.726191364835, -0.4778611258747648
2011.7155197477316, -0.6082452021644165
2011.7081960889352, -1.150195953096069
2011.708564521847, -1.8555047946825043
2011.7348132574639, -0.27938479755747925
2011.742868157154, -0.41589509755550863
2011.7524620376787, -0.7315499666147748
2011.741945668642, -0.8504456859722298
2011.7450371301431, -1.280993124241334
2011.7254083745856, -1.4148898567868637
2011.7716857982796, -1.506710313320351
2011.7521380417134, -1.6346131205099617
2011.8027894109373, -0.963217881587688
2011.8048323854957, -1.6911252167485962
2011.8340820212416, -0.6255114871424091
2011.8333877441733, -1.1478276968743588
2011.8077685989301, -1.8401318611260598
2011.8767752395706, -0.762791277557756
2011.8592817074227, -1.3247397794516715
2011.8879656359277, -1.5045009694053704
2011.9228029163748, -0.8730930039386778
2011.918050975552, -1.0049647617018018
2011.9185369694999, -1.6283167989198575
2011.963911833005, -0.27991964803969216
2011.9555467586063, -0.4279954468663862
2011.9540617770992, -0.5378840783916998
2011.952576795592, -0.6477727099170121
2011.9520319809483, -1.1590287002421893
2011.9076223554227, -1.7766826512772862
2011.972612796078, -1.3628273051367705
2012.010254827311, -0.7750356250753799
2012.0236421605946, -0.8832322776713856
2012.0072848642967, -0.9948128881259971
2011.9850776408498, -1.5392881076197187
2012.0769102472318, -0.23797181328526526
2012.0754252657248, -0.34786044481057815
2012.0739402842178, -0.45774907633589423
2012.0724553027105, -0.567637707861203
2012.0805214522604, -0.7033155182264652
2012.0206496978608, -1.1046745199875438
2012.0191647163535, -1.2145631515128612
2012.163342920861, -0.4351098582685771
2012.1765277566665, -0.5582913242544012
2012.1901063375685, -0.6523356530933677
2012.1889419770687, -0.7384983300848069
2012.302545473046, -0.6517744457965249
2012.397340006828, -0.7010745461339362
2012.465083448914, -0.5544368008273174
2012.530065853955, -0.40280926051719884
2012.524881918512, -0.7131631955905139
2012.5772477663852, -0.5742121259880841
2012.609531650059, -0.8538630719859711
2012.639549490524, -0.35932180207900577
2012.6380645090167, -0.46921043360431663
2012.6442609318508, -0.6699907332295866
2012.6399004861528, -0.9926637148902755
2012.702829952474, -0.6214345379138329
2012.7286194527385, -0.8322401984046853
2012.7493199985201, -1.0271787350648138
2012.8214211541951, -0.5580701841511798
2012.8130223302167, -0.708643451876174
2012.855695298798, -0.4078779973947591
2012.8469454791905, -0.8669887656707943
2012.8869609094384, -0.29194144118599263
2012.838435763736, -1.0257680026330662
2012.948068862729, -0.604933886258325
2012.9022224693817, -0.7009890471986737
2012.9739268264268, -0.4496194775761168
2012.9822427228667, -0.2737868672701124
2012.9956750555898, -0.37865356133506095
2013.0518006066422, -0.6208000458153393
2013.0978462832222, -0.509997925665969
2013.1708859986377, -0.599355562869644
2013.2101777414691, -0.3604249311985699
2013.2017668640694, -0.51189015210153
2013.272334824552, -0.15623804542507108
2013.3229672297264, -0.33393761819553885
2013.2765390579098, -0.4730443858590085
2013.3943925902458, -0.10321379146561578
2013.383896470957, -0.22061102948409225
2013.4418444993137, -0.3278941934560453
2013.431314630445, -0.4477889003728227
2013.474697304474, -0.5654449494539663
2013.51316411115, -0.10499576927413286
2013.5026612419454, -0.22289250107227532
2013.5701604013589, -0.35596484388416866
2013.5583817980412, -0.4950086123321895
2013.5720503778225, -0.5823930241090126
2013.6307939319863, -0.0028876694270564395
2013.6224385003247, -0.15024990571137561
2013.6260497053534, -0.24930717212278777
2013.6438694834385, -0.3957893479381838
2013.7440719855879, 0.0597534790561595
2013.7421820091245, -0.08010477924878054
2013.7260609598845, -0.17420310741527464
2013.837878942383, -0.1411172694427206
2013.958404316446, -0.19625733276767066
2014.0457787640612, -0.06207093240088071
2014.0760531013318, -0.2078644882204334
2014.11100866602, 0.10787137983012324
2014.1640565768278, -0.10038731237885713
2014.1759788569277, -0.2856019201338727
2014.2294921905107, 0.15803495512871152
2014.2189623216423, 0.03814024821193379
2014.2106984959826, -0.4164029483739592
2014.2867764771331, -0.07162238488247538
2014.274952874376, -0.21399611186156592
2014.2811290474622, -0.4895321805317642
2014.3163861083958, 0.2880581359126997
2014.3450957508664, 0.5811394860864735
2014.3431607749633, 0.4379512692504618
2014.3359788644016, 0.12626175080955088
2014.3361003628886, -0.30429108739230454
2014.384566687895, 0.8333304883366384
2014.3812753003122, 0.6944210753583091
2014.3873457247153, -0.028484122095648254
2014.3647605059755, -0.16138726701462014
2014.3456919934413, -0.47359787896620265
2014.4309265569907, 0.33946324575010306
2014.4145973853426, 0.22996385937741018
2014.4727321613736, 0.5760437495451449
2014.4620605442703, 0.44565967325549277
2014.4130899041156, 0.11841024858656365
2014.4975988517015, 0.8777757919893633
2014.4961138701944, 0.7678871604640524
2014.4896789503302, 0.657989529050817
2014.5548381388842, 0.3517593426232776
2014.5883948638498, 0.5325850907483036
2014.6226882939268, 0.6842044025894689
2014.6344421475526, 0.38187296760965755
2014.7005350744785, 0.5110258592316069
2014.7419728084424, 0.7203839520351498
2014.7313821903304, 0.5959938011014236
2014.8164243812757, 0.5157319006259213
2014.8587643540038, 0.8651129496833758
2014.8519694386227, 0.7285756500215823
2014.8506025806446, 0.6274281596403283
2014.9242610383549, 0.9501438907686452
2014.9804608384825, 0.7867491255705835
2014.9697892213792, 0.6563650492809321
2014.9678739327308, 0.5146336893022615
2015.0333700545889, 0.9659094444356776
2015.0367821370971, 0.8521171115242796
2015.0994663564727, 0.7290256444176713
2015.0877440024544, 0.5941443241334908
2015.0717467016734, 0.5092033819274381
2015.1584927642568, 0.9631757284794268
2015.1552206621482, 0.8256934405858434
2015.1784291231265, 0.7116873603363021
2015.2781012747378, 1.023330979348811
2015.2252060406001, 0.8766013066155676
2015.3911358492287, 1.067954673637131
2015.4635793220693, 0.9344750858967734
2015.5204136142954, 1.1110618868106263
2015.5821303457194, 1.2826627498157956
2015.5723204678845, 0.9230182285723072
2015.6127659642052, 1.425237174295539
2015.6442205724918, 1.5551595563348026
2015.6390771365445, 1.1012880085275383
2015.7000963766545, 1.2212745143011237
2015.6919675493136, 0.8813744614598126
2015.6401571230952, 0.814920574743435
2015.7310514911615, 1.387491644351466
2015.7221416021189, 0.7281598551995949
2015.7114699850156, 0.5977757789099428
2015.7099850035086, 0.48788714738462946
2015.6981839004711, 0.3471783996710758
2015.7544331999825, 1.5793350552703727
2015.7479982801183, 1.4694374238571382
2015.757358163557, 1.0632094827303575
2015.7765391746902, 0.28488567542026205
2015.7849428200373, 1.2730418696273789
2015.814777448498, 0.9167993060183357
2015.841831111591, 0.7943090314249043
2015.8311122450762, 0.6604284986776298
2015.8296272635691, 0.5505398671523167
2015.8281422820621, 0.440651235627004
2015.8761791838447, 1.0650904593060158
2015.8836265911, 0.3080327443060213
2015.962114613666, 0.9044136602603408
2015.9514632463106, 0.7755280653096702
2015.9499782648036, 0.6656394337843576
2015.9484932832963, 0.5557508022590444
2015.9470083017893, 0.44586217073373435
2015.9855503218146, 1.1002530214165316
2015.9791604013901, 0.9936853485343667
2016.0105655102932, 0.3141146114239279
2016.0418446207655, 0.8705938814277577
2016.0403596392584, 0.7607052499024469
2016.0533194778657, 0.6208739912612687
2016.0667180610094, 0.5135098282980258
2016.1236451645798, 0.33067823015242587
2016.1525769917835, 0.2739148120435746
2016.19570413328, 0.7966649449431803
2016.1873053093018, 0.646091677218184
2016.1858203277945, 0.536203045692871
2016.1893977832435, 0.4346483103831567
2016.2285280102292, 1.0279132079992888
2016.2205148957332, 0.9058824419691802
2016.2789788105224, 0.36583516733298993
2016.3166741982338, 0.769199344123053
2016.3060025811305, 0.6388152678334003
2016.3045175996233, 0.5289266363080879
2016.3415408885617, 1.07093138656727
2016.3400559070546, 0.9610427550419601
2016.3336209871904, 0.8511451236287251
2016.3595842576126, 0.20842206514356146
2016.3984908936327, 0.41885479277865373
2016.3869593854522, 0.03646289410050283
2016.4324140426065, 0.7314491856651877
2016.4239911117854, 0.5790920115842617
2016.4668024536436, 1.5494126779023323
2016.4708692779982, 1.3794179734666374
2016.4624318830715, 1.2259904555721512
2016.4609469015643, 1.1161018240468399
2016.4594619200573, 1.006213192521529
2016.4579769385502, 0.8963245609962155
2016.484407680829, 0.18354115177843414
2016.5114868971752, 0.4606242368974839
2016.4950339770683, 0.3419674645643481
2016.4907590303053, 0.02562140411269051
2016.554784232981, 0.8075928659974974
2016.5291885517315, 0.6716873584678136
2016.5277035702245, 0.5617987269425022
2016.5854828506824, 1.5408875340683963
2016.5839978691754, 1.4309989025430843
2016.5825128876681, 1.321110271017772
2016.5810279061611, 1.2112216394924604
2016.579542924654, 1.1013330079671488
2016.5780579431469, 0.9914443764418356
2016.5716230232829, 0.8815467450286032
2016.6703967932247, 0.7604236819803225
2016.6575719529362, 1.3811845228958604
2016.6708017881813, 1.2613330154411024
2016.6840316234263, 1.1414815079863467
2016.6972277090915, 1.0191325316332864
2016.6957427275845, 0.9092439001079765
2016.7311797862767, 0.6012947350873702
2016.793087765319, 0.7870479218495865
2016.788801568696, 0.4698693717651639
2016.8147099960509, 0.921947241909613
2016.8575944619984, 1.1651062137811008
2016.8458946077, 1.0318898727624541
2016.8501695544628, 0.6156630561545414
2016.8911190445071, 1.709839858628003
2016.8827491487398, 1.561407278530125
2016.8812641672328, 1.4515186470048136
2016.8797791857257, 1.3416300154795018
2016.878564200856, 1.2517211351406095
2016.9017839116946, 0.7722611059940527
2016.8973795915426, 0.4463414147655703
2016.9463333569074, 1.8712014205747016
2016.9330191477131, 0.8859499401943494
2016.974345508064, 1.0870663856334926
2016.9493033199217, 0.9921193680359711
2016.9299985603293, 0.6624264737962702
2016.9285135788223, 0.5525378422709581
2017.0042476356844, 1.7614207877044523
2017.002762654177, 1.6515321561791398
2017.00127767267, 1.5416435246538287
2016.999792691163, 1.431754893128515
2016.9983077096558, 1.3218662616032035
2016.9968227281488, 1.211977630077893
2017.0870893540325, 1.0787801888238828
2017.0780917160828, 1.731586159243649
2017.0910515546902, 1.591754900602472
2017.089566573183, 1.4818662690771605
2017.1030664050659, 1.3819945128088242
2017.116296240311, 1.2621430053540659
2017.1931552831632, 1.0891291599451713
2017.268658717897, 0.9989435330526841
2017.3596307099967, 0.902245201550492
2017.380082955299, 1.00289223387838
2017.4362422559311, 0.7632432182963984
2017.434757274424, 0.653354586771086
2017.4332891677068, 0.5447146896949251
2017.4764717549417, 0.8831919245407093
2017.4614194423925, 0.4286363852513884
2017.4656622466985, 0.27166419721398466
2017.4934172582002, 0.9650425623740673
2017.5302910847142, 0.7634142161669126
2017.538255985525, 0.6202439991067431
2017.5560757636101, 0.4737618232913487
2017.5792729747286, 0.35892325340904047
2017.5690131024978, 0.2590082976786781
2017.688104119423, 0.3541263131467137
2017.7672750084853, 0.26061747763909776
2017.8259824023853, 0.5627321438898225
2017.8226524438542, 0.4209684807420049
2017.8619112406673, 1.0237475455897662
2017.853522059426, 0.8738878404071426
2017.8520370779188, 0.7639992088818299
2017.8508220930494, 0.6740903285429372
2017.8976857951566, 1.4733459466117547
2017.889330363495, 1.3259837103274328
2017.8878453819877, 1.216095078802121
2017.886664146698, 1.1286836673615321
2017.8813606413155, 0.26528456237569464
2017.843970928369, 0.1671041421875212
2017.9231811919408, 0.5343670685568228
2017.9216962104338, 0.42447843703151117
2017.973687437972, 0.975251328098517
2017.964490677502, 0.8441207111057526
2017.941000970026, 0.7541713312712129
2017.939515988519, 0.6442826997459002
2018.0106938521205, 1.5160073439085506
2018.0092088706135, 1.406118712383238
2018.0077238891063, 1.2962300808579257
2018.0062389075993, 1.1863414493326128
2018.004753926092, 1.0764528178073016
2017.949978358228, 0.3196387426303354
2017.9482233800832, 0.18977035991860278
2018.1015544706072, 0.9872216290289221
2018.0808592283308, 1.213948605532768
2018.1235186970803, 1.0741713462191218
2018.2088781340747, 1.0173856533876653
2018.282299219741, 1.1027639901467154
2018.3352346319496, 0.886180401610062
2018.3268936643935, 0.7398885091392982
2018.3165392933395, 0.6329806404936891
2018.3532858357241, 0.4951905564331789
2018.3518008542171, 0.38530192490786913
2018.3503158727099, 0.27541329338255616
2018.339718504682, 0.15052364866917023
2018.391861605329, 1.15207887601428
2018.390376623822, 1.0421902444889666
2018.3861984258542, 0.07368800552550182
2018.375526808751, -0.05669607076415583
2018.3648686914796, -0.1860811594944846
2018.4111191155098, -0.27989959114660556
2018.4406297480052, 0.9149138294987169
2018.4315398612043, 0.7916918640172427
2018.444915944628, 0.6826627217884645
2018.443430963121, 0.5727740902631512
2018.4805622507145, 0.4634551516432913
2018.4699243831908, 0.3355685442519417
2018.4684394016838, 0.22567991272662863
2018.5023046942351, 0.0630532236777792
2018.4939203343624, -0.08644970023365801
2018.4925534763843, -0.1875971906149072
2018.491085369667, -0.29623708769106744
2018.5724845345512, 0.8609241447049116
2018.5640857105727, 0.7103508769799148
2018.5626007290657, 0.6004622454546018
2018.605578408138, 1.1121521589474392
2018.597565293642, 0.9901213929173308
2018.6013114969894, 0.44319595393689676
2018.5732880959729, 0.29246808099438826
2018.571893113345, 0.18923936653121612
2018.6321473629814, 1.3514758928659618
2018.6304373842763, 1.2249374686853012
2018.5697556399634, 0.031066336305393044
2018.675931817721, 0.8554038705933253
2018.6533195993175, 0.7205027505557183
2018.6520033657089, 0.6231014635219174
2018.7286968749083, 1.432044175240289
2018.7088714075148, 1.0952148841579017
2018.6720168664751, 1.005241204625973
2018.7500290199673, 1.2838439851055332
2018.842384744835, 1.52501173177432
2018.8408997633278, 1.4151231002490092
2018.8691144119628, 1.3052884680512271
2018.8676463052454, 1.1966485709750687
2018.8958215793707, 1.083900225062602
2018.933184614078, 0.9917305728777501
2018.922506247059, 0.8608470028084391
2018.9119493785265, 0.7389543207730157
2018.9314161361015, 1.5201787919603105
2018.9447584699456, 1.4086521808332289
2018.9580243047424, 0.6321490508497146
2018.9384090490166, 0.4992513058635011
2018.9726131230636, 1.2721778803868864
2018.98475397187, 0.4124257871266235
2018.974075604851, 0.28154221705731025
2018.985820458589, 1.1506613936665957
2019.0022790036257, 0.17087509522676178
2019.018377553146, 0.9958813211872901
2019.0262074556379, 0.8427212285339101
2019.0247224741308, 0.7328325970085993
2019.0350273458014, 0.030247346504500568
2019.0523521300508, 0.5797085039069062
2019.0627920000402, -0.11288687100397954
2019.0655369658562, 0.4565270379210813
2019.0786318027824, 0.3266856548731139
2019.1063964570212, 0.18355143736463225
2019.117540246816, -0.2476473356503467
2019.1342961095788, 0.050407095449364864
2019.1526783806592, -0.3474797495514868
2019.1861714635602, -0.06671024605475355
2019.2382808146276, -0.16651180319729836
2019.2691337161218, -0.3322835673653398
2019.3033847181557, 0.004571951961856207
2019.319249431302, -0.5482181996979125
2019.3633162575252, -0.1443072797166074
2019.3562288457867, -0.6687757483601362
2019.3446459900315, -0.8665914849039563
2019.3431610085242, -0.9764801164292762
2019.3326311396559, -1.0963748233460568
2019.3914499071689, -0.2601358372703116
2019.3807917898973, -0.3895209260006401
2019.378652066544, -1.2071760435066337
2019.3680681983478, -1.3310667006606982
2019.3576463281345, -1.4429695071029178
2019.401547781417, 0.04756313086606655
2019.40006279991, -0.06232550065924347
2019.4035592563675, -1.5617626277380707
2019.4311124132403, -0.511802403194283
2019.4315309080287, -1.6895790360036231
2019.4315849073562, -0.6599810578829424
2019.4474472098184, -0.9513164297998923
2019.4459622283111, -1.061205061325197
2019.455547108948, -0.35192389420727893
2019.4591920635562, -1.181056568779953
2019.4721519021637, -1.320887827421129
2019.4706669206566, -1.4307764589464416
2019.5132926398262, -1.5730511871583952
2019.5447894350875, -1.714721797893592
2019.6613857955797, -1.6027508173003668
2019.6599008140727, -1.7126394488256773
2019.6584158325654, -1.8225280803509887
2019.6569308510584, -1.9324167118763016
2019.7169327824085, -2.044690956550033
2019.779576823713, -1.6474892601596876
2019.7780918422056, -1.7573778916850036
2019.7766068606986, -1.8672665232103156
2019.9072784834075, -1.64775655683097
2019.8894148308686, -1.7609215975542174
2019.8659419981825, -1.8496222429396008
2019.9729956650124, -1.6196661066494096
2008.7274871618467, -0.3196147325487046
2014.4200103196638, 0.9270989459200527
2014.3872085309222, 0.4997665790314296
2014.6567483230547, 0.4457111968353089
1999.6773876508023, 1.973021450158483
1999.6494999877148, 1.9093343816801416
1991.524484631072, 0.6581979901226086
1991.5235018059411, 0.5854689304405524
1991.5225189808104, 0.5127398707584966
1991.6004078724293, 0.2765178505614402
1991.411214034743, 0.27617386176564634
1988.381287009509, 0.061573994447038725
1987.78471215509, -0.08496523256099534
1996.2185803090986, 0.02127816408265746
1996.2704243347503, -0.142263937688885
1995.7308533379198, -0.07051770313766696
1995.7059141502248, 0.08398240743016015
1995.8371213051919, -0.20668812501535405
1996.0962185803091, -1.0334897663333247
1995.9072704489054, -1.0156514902086022
1997.9155507506327, 1.59709083761272
1997.937787169218, 1.2425858129192389
1997.7756210226296, 1.242290965379987
1998.9661908154992, -0.655544362269341
1998.9096783704758, -0.8374652939875645
1997.994299614241, 1.4245067446374624
2004.5752966903365, 0.4182903756849099
2004.3856114400846, 0.38158185704808845
2004.4922479667805, 0.27268483255117193
2004.6068699476646, 0.7547114179709608
2004.550971768348, 0.6182461485540215
2005.201847711246, 0.7830659229956538
2005.1998820609842, 0.6376078036315421
2005.1948450821887, 0.26487137276100464
2005.0597066266985, 0.2646256664782957
2012.8272193419987, -0.939433401312063
2012.8836089338804, -0.7666036020541018
2019.813754637706, -1.9358215189562307
2019.397159635372, -0.7638516916877522
2019.3745546573625, -0.4366200643750418
2002.0486989852332, -0.5499398019607308
2002.0171257279048, -0.8863608442467862
2000.18317403376, 1.4012137890365877
2000.502715054424, 1.0472493181650675
2000.8467038502174, 0.5024202068846932
1989.5674340892897, -0.16354210177154202
1989.5154672104966, -0.009091132460256033
1989.544706258139, 0.15459839308091158
1989.4928622324874, 0.31814049485245405
1989.4139905157374, 0.48163345536745467
1989.943856114401, -0.30831224354406567
1989.9153541856065, -0.41745497432369283
1989.859087446866, -0.5811936411214028
1989.5893019484508, -0.5453205238457942
1989.5920047175607, -0.34531560972013964
1989.5657141453107, -0.29081795621513906
1989.5587115162534, -0.8090125064497885
2011.377675127153, -0.20570529988451075
