schedstr,MP1,FF1,FF2,FF3,FF4,ED1,ED2,ED3,ED4,x_year,x_date,y
1988-02-11,,,,,,0.01,-0.01,-0.02,-0.02,1988.1077224924109,1988-02-09 10:14:03.744013104,-0.3989303088229003
1988-05-18,,,,,,0.11,0.13,0.09,0.1,1988.381287009509,1988-05-19 13:13:30.329494991,0.0615739944470387
1988-07-01,,,,,,0.04,0.03,0.05,0.04,1988.508127506052,1988-07-04 23:23:31.247378946,0.6606984953152789
1988-08-17,,,,,,0.14,0.18,0.14,0.16,1988.626791028301,1988-08-17 09:43:56.613349128,0.650924617032192
1988-09-21,,,,,,-0.01,-0.01,-0.01,-0.01,1988.6986438834967,1988-09-12 16:53:16.341487402,0.4737393235715386
1988-11-02,0.03214,,,,,0.03,0.07,0.08,0.07,1988.8403133692464,1988-11-03 13:18:45.487656089,0.3349745516490964
1988-12-15,0.01937,,,,,0.03,0.06,0.03,0.05,1988.952352973985,1988-12-14 13:28:06.684541484,0.3478317915341959
1989-02-09,0.02,,,,,0.07,0.06,0.08,0.12,1989.1024801044089,1989-02-07 09:43:32.572638094,0.6884181501144563
1989-03-29,-0.07,,,,,-0.02,-0.01,-0.03,-0.02,1989.2521369906883,1989-04-03 00:43:12.138346660,0.774434578927165
1989-05-17,-0.02214,,,,,-0.02,-0.01,-0.01,-0.03,1989.369821775126,1989-05-15 23:38:19.500372153,0.6922341025933045
1989-07-07,-0.03583,,,,,-0.09,-0.11,-0.12,-0.09,1989.5133924871984,1989-07-07 09:19:05.476289260,-1.2105294017463069
1989-08-23,0.0,,,,,-0.01,-0.02,-0.01,-0.02,1989.640797150592,1989-08-22 21:22:58.941072681,-1.232774424722647
1989-10-04,-0.17223,,,,,0.03,0.02,0.05,0.04,1989.761300024935,1989-10-05 20:59:17.586351844,-1.1064362480482457
1989-11-15,-0.12435,,,,,-0.01,-0.01,-0.02,-0.03,1989.859087446866,1989-11-10 13:36:21.724364352,-0.5811936411214028
1989-12-20,-0.16909,,,,,-0.04,-0.03,-0.03,-0.02,1989.962140398812,1989-12-18 04:20:59.616932881,-0.0898759575654962
1990-02-08,-0.014,-0.01,-0.01,-0.02,-0.02,0.01,0.02,0.0,0.01,1990.095893358148,1990-02-05 00:01:32.942556347,0.0279951245520661
1990-03-28,0.0,0.0,0.0,-0.01,-0.02,-0.01,-0.03,-0.03,-0.03,1990.2319210391563,1990-03-26 15:37:41.890833223,0.7537393366509608
1990-05-16,0.0,0.0,0.01,0.0,0.0,-0.01,-0.02,-0.01,-0.02,1990.3700243193168,1990-05-16 01:24:46.933975434,-0.0152110873885681
1990-07-05,-0.13777,-0.07999,-0.07,-0.08,-0.1,-0.02,-0.03,-0.03,-0.02,1990.4981377238837,1990-07-01 19:41:11.260396406,-0.4245529897362959
1990-08-22,0.0,0.0,0.01,0.0,0.0,0.01,0.0,0.0,0.0,1990.638400977145,1990-08-22 00:23:33.215245065,-1.033665404284462
1990-10-03,-0.01893,-0.01,-0.04,-0.05,-0.02999,0.0,0.0,0.0,0.0,1990.7776770552,1990-10-11 20:27:03.612787251,-0.6169694685186244
1990-11-14,0.01875,0.01,0.02,0.02,0.01,0.02,0.025,0.0,-0.02,1990.8543307881089,1990-11-08 19:56:15.733801708,-0.8784335374314831
1990-12-18,-0.30504,-0.16,-0.2,-0.11,-0.19,-0.155,-0.1,-0.075,0.015,1990.9345062896605,1990-12-08 02:16:30.350732767,-0.6595148636885995
1991-02-07,0.0,0.0,-0.01,-0.02,-0.21,-0.1,-0.095,-0.08,-0.085,1991.1262309020588,1991-02-16 01:46:57.727324770,-0.9768365119909784
1991-03-27,-0.04695,-0.02,-0.09,-0.05,-0.06,-0.07,-0.11,-0.08,-0.14,1991.2360047850127,1991-03-28 03:24:06.900160826,-0.7653562456154732
1991-05-15,0.01938,0.01,0.0,0.0,-0.02,0.0,0.0,0.01,0.01,1991.36185696774,1991-05-13 01:52:01.334651655,0.1963744776756237
1991-07-04,0.0,0.0,-0.01,0.01,0.01,0.02,0.02,0.02,0.0,1991.513325081464,1991-07-07 08:43:39.769049265,-0.4626657151075806
1991-08-21,-0.062,-0.11,-0.07001,-0.03,-0.08,-0.12,-0.09,-0.08,-0.07,1991.637037540837,1991-08-21 12:26:55.887832478,-0.0988182462046068
1991-10-02,-0.0407,-0.03,-0.02001,-0.03,-0.04,-0.01,-0.01,0.0,0.0,1991.7733993426843,1991-10-10 06:58:41.670893432,-1.655953654750159
1991-11-06,-0.1,-0.08,-0.12,-0.09,-0.12,-0.08,-0.09,-0.09,-0.09,1991.858650781024,1991-11-10 09:46:51.030370513,-1.9405031111740567
1991-12-18,-0.33129,-0.11448,-0.35966,-0.27862,-0.25862,-0.29,-0.28,-0.23,-0.13793,1991.979647845641,1991-12-24 13:42:54.460134938,-1.9345747564301332
1992-02-06,0.01261,0.01,0.01,-0.02,0.0,-0.01,0.0,0.01,0.0,1992.1044055777115,1992-02-08 05:05:54.940625139,-1.8073369123881176
1992-04-01,-0.20394,-0.14,-0.20999,-0.11001,-0.2,-0.21,-0.25,-0.24,-0.22,1992.2474459392456,1992-03-31 13:33:54.469200320,-0.6411442924625996
1992-05-20,0.0,0.0,0.02,0.03,0.00999,0.02,0.02,0.01,0.01,1992.3824105084932,1992-05-19 23:05:38.063775186,-0.5435000084549105
1992-07-02,-0.08552,-0.08,-0.09,-0.1,-0.3,0.0,0.02,0.04,0.04,1992.5001627920904,1992-07-02 01:25:47.876597892,-0.620705546992166
1992-08-19,0.02583,0.01,0.01,0.01,0.01,-0.01,0.01,-0.01,-0.01,1992.6253062336432,1992-08-16 20:41:23.842758304,-1.689368438626258
1992-10-07,0.0,0.0,0.00999,0.00999,0.01,0.0,0.0,0.0,0.0,1992.762869520528,1992-10-06 05:02:45.125946415,-0.9598753232135336
1992-11-18,-0.04999,-0.02,-0.01,0.01,0.0,0.0,-0.01,0.0,0.01,1992.8791705721976,1992-11-17 18:38:03.502261662,-2.243331339967152
1992-12-23,0.03873,0.00999,0.0,-0.02,-0.01,-0.01,-0.01,-0.01,-0.04,1992.979744319724,1992-12-24 14:04:26.776039500,-0.2951706009723402
1993-02-04,0.0,0.0,-0.02,-0.04,-0.02,0.0,-0.01,0.0,0.0,1993.086212993839,1993-02-01 11:13:32.973703515,0.2577825129437241
1993-03-24,0.0,-0.01,0.0,0.01,0.0,0.0,0.0,0.0,0.04,1993.2340329387089,1993-03-27 10:07:42.755123196,0.4694984478129548
1993-05-19,-0.02583,-0.01,-0.02,-0.02,-0.02,0.0,-0.01,-0.02,-0.03,1993.3788668493364,1993-05-19 06:52:24.960673289,0.6695543850303411
1993-07-08,0.02696,0.02,0.0,0.0,0.0,0.0,-0.01,0.0,0.0,1993.5216005718323,1993-07-10 09:13:15.633304138,-0.416058895515691
1993-08-18,0.0,0.0,0.02,0.01,0.01,0.01,0.0,0.0,0.0,1993.647378505484,1993-08-25 07:02:08.548946093,0.7599492593170111
1993-09-22,0.0,0.0,0.0,0.01,0.01,0.0,0.01,0.01,-0.02,1993.722842565708,1993-09-21 20:06:03.152170831,0.84999313797473
1993-11-17,0.02308,0.01,0.0,0.01,0.0,-0.01,-0.01,-0.01,0.0,1993.881195593692,1993-11-18 15:16:24.242668631,0.4806647373273734
1993-12-22,0.0,0.0,-0.01,-0.01,-0.01,0.0,0.0,0.0,-0.08,1993.9689670006496,1993-12-20 16:09:03.332486640,0.0163065201136132
1994-02-04,0.163333333,0.14,0.10001,0.08,0.0,0.13,0.15,0.14,0.15,1994.119827621939,1994-02-13 17:41:23.885470394,0.5576857781622312
1994-03-22,0.0,0.0,-0.04,-0.04,0.0,-0.05,-0.05,-0.03,-0.04,1994.2482335228635,1994-04-01 14:31:32.377024260,0.5362750447962431
1994-05-17,0.110714286,0.05,0.05,-0.02,0.05,-0.04,-0.06,-0.07,-0.07,1994.3871355430767,1994-05-22 07:18:26.486468012,0.5590042617427764
1994-07-06,-0.0496,-0.04,0.0,0.0,0.0,-0.015,-0.01,-0.005,-0.01,1994.5090727745571,1994-07-05 19:28:39.018433517,0.7914848665950368
1994-08-16,0.124,0.06,0.09,0.0,0.0,0.08,0.03,0.01,0.01,1994.62618381614,1994-08-17 13:22:12.825788776,0.886599282107904
1994-09-27,-0.09,-0.02,-0.09,-0.05,-0.03,-0.03,-0.025,-0.01,-0.005,1994.748070423251,1994-10-01 01:05:48.867642438,0.8955618204948392
1994-11-15,0.12,0.06,0.08,0.05,0.08,0.04,0.03,0.02,0.035,1994.8812901392275,1994-11-18 16:06:05.830679407,1.743174414931768
1994-12-20,-0.225454545,-0.08,-0.14,-0.05,-0.05,-0.07,-0.005,0.015,0.04,1994.941858099243,1994-12-10 18:40:37.017729243,1.5785983501590548
1995-02-01,0.072592593,0.07,0.02,0.05,0.045,0.06,0.07,0.07,0.06,1995.0940879891948,1995-02-04 08:12:38.827247351,2.3259567573758844
1995-03-28,0.0,0.0,0.0,0.0,0.01,0.01,0.02,0.03,0.02,1995.23626371864,1995-03-28 05:40:12.631030253,1.8583675803981965
1995-05-23,0.0,0.0,0.02,0.0,0.0,-0.01,-0.02,-0.005,-0.01,1995.394301750547,1995-05-24 22:05:00.005247090,-0.3657027226155734
1995-07-06,-0.0868,-0.07,-0.1,-0.14,-0.145,-0.2,-0.27,-0.265,-0.25,1995.5012091691976,1995-07-02 22:35:32.359816671,-0.5128553900811424
1995-08-22,0.034444444,0.01,0.03,0.01,0.01,0.055,0.04,0.06,0.04,1995.641168676242,1995-08-23 00:38:15.373965569,-1.1444450247140332
1995-09-26,0.02,0.0,0.02,0.03,0.04,0.07,0.07,0.07,0.05,1995.73085333792,1995-09-24 18:16:30.864646778,-0.0705177031376669
1995-11-15,0.06,0.03,0.02,0.03,0.02,0.04,0.025,0.02,0.025,1995.8597647040028,1995-11-10 19:32:19.705433173,-1.0849422657189771
1995-12-19,-0.0775,-0.03,-0.08,-0.07,-0.04,-0.045,-0.04,-0.04,-0.04,1995.9685480367928,1995-12-20 12:28:50.888296289,-1.0932772869205682
1996-01-31,-0.03,-0.0025,-0.03,-0.01,-0.01,-0.025,-0.03,-0.04,-0.04,1996.0795082174736,1996-01-30 02:24:00.656238144,-1.123668783446533
1996-03-26,0.02,0.0,0.02,0.01,0.0,0.015,0.02,0.03,0.03,1996.2409662067912,1996-03-29 04:38:49.777634025,-0.0544847983017656
1996-05-21,0.0155,0.005,-0.0025,0.01,0.02,0.0,0.01,0.01,0.03,1996.3905713437152,1996-05-22 22:46:43.259500715,0.9067896306716944
1996-07-03,-0.060892857,-0.055,-0.04,-0.035,-0.025,-0.05,-0.025,-0.015,-0.01,1996.5063150451829,1996-07-04 07:28:16.884790890,0.8693248972307798
1996-08-20,-0.028181818,-0.01,-0.01,0.0,0.01,-0.03,0.0,0.01,0.01,1996.625865699241,1996-08-17 01:36:15.487681864,0.925198772845932
1996-09-24,-0.13,-0.025,-0.13,-0.12,-0.12,-0.1,-0.08,-0.09,-0.085,1996.7292956254848,1996-09-23 22:07:57.987331731,0.9183940861580782
1996-11-13,0.0,0.0,0.0,0.0,-0.01,-0.01,-0.015,-0.02,-0.025,1996.8757148020843,1996-11-16 12:16:43.757430672,0.7648199986602959
1996-12-17,0.0,0.0,0.01,0.0,0.01,-0.015,-0.01,-0.01,0.05,1996.9498423789528,1996-12-13 15:24:55.644196409,1.1955078351809756
1997-02-05,-0.030434783,-0.025,-0.01,-0.01,0.0,-0.02,0.005,0.01,0.03,1997.0992180187347,1997-02-06 05:08:59.438818942,1.2607120231744953
1997-03-25,0.05,0.015,0.05,0.04,0.05,0.04,0.06,0.06,0.055,1997.2196365191287,1997-03-22 04:00:57.267242640,1.3808065276031407
1997-05-20,-0.084545455,-0.03,-0.085,-0.07,-0.08,-0.065,-0.0525,-0.045,-0.045,1997.3709696345336,1997-05-16 09:41:38.394651428,1.5908639116982088
1997-07-02,-0.02137931,-0.02,-0.01,-0.02,-0.02,-0.01,-0.0025,-0.005,0.0,1997.4982055500284,1997-07-01 20:16:50.225695233,1.1165878179946145
1997-08-19,0.0,0.0,-0.01,0.0,0.0,-0.0025,0.005,0.0125,0.0125,1997.6125828756549,1997-08-12 14:13:33.566652295,0.7896353896271048
1997-09-30,-0.015,-0.0035,-0.015,-0.01,-0.02,0.0,-0.005,0.0,0.0,1997.74434123483,1997-09-29 16:25:45.181599424,0.6500201282960517
1997-11-12,-0.05,-0.03,-0.04,-0.03,-0.02,-0.0325,-0.03,-0.03,-0.0375,1997.8765479812787,1997-11-16 22:33:37.137604789,1.1715051340935054
1997-12-16,0.0,0.0,0.0,0.0,0.0,0.005,-0.0075,0.0175,0.015,1997.9626769086904,1997-12-18 09:02:58.992459037,0.9518898690254745
1998-02-04,0.035,0.03,0.03,0.01,0.01,0.01,0.015,0.0175,0.02,1998.1016094642375,1998-02-07 02:05:56.064194638,0.2443058236299508
1998-03-31,-0.005,-0.005,-0.005,-0.01,0.001,0.0025,-0.0025,0.005,0.0,1998.2452187472584,1998-03-31 12:06:58.413540185,0.3537393179660736
1998-05-19,-0.03875,-0.015,-0.03,-0.02,-0.01,-0.0275,-0.01,-0.01,-0.015,1998.4212951259572,1998-06-03 18:32:43.092184945,0.6680192612905358
1998-07-01,-0.005166667,-0.005,-0.02,0.0,0.01,-0.025,-0.03,-0.04,-0.045,1998.518522843724,1998-07-09 06:15:36.399679614,0.7987747758117046
1998-08-18,0.011923077,0.005,0.0,0.01,0.02,0.0075,0.005,0.015,0.025,1998.6249465184,1998-08-17 02:31:53.404264464,-3.0470393311607142
1998-09-29,0.055,0.005,0.055,0.06,0.07,0.0575,0.005,0.0125,0.015,1998.7435110418812,1998-09-29 09:09:24.216766153,-2.990881830506197
1998-11-17,-0.069230769,-0.03,-0.03,-0.04,-0.04,-0.0275,-0.02,0.005,0.005,1998.8689784793996,1998-11-14 04:15:05.326346718,-0.3727046354187416
1998-12-22,-0.017222222,-0.005,0.0,0.0,0.01,0.01,-0.0075,-0.01,0.0025,1998.9688772353315,1998-12-20 15:21:52.493415670,-0.3791827547448605
1999-02-03,0.0056,0.005,-0.01,0.01,0.01,-0.005,0.0025,0.01,0.0,1999.0862976480612,1999-02-01 11:58:02.629257709,0.3248834273167669
1999-03-30,0.0,0.005,0.0,-0.01,-0.02,-0.0125,-0.025,-0.03,-0.0275,1999.2299639839437,1999-03-25 22:29:04.197647330,0.7001720037403436
1999-05-18,0.0,0.0,-0.01,0.03,0.03,0.0325,0.115,0.15,0.16,1999.3741534383107,1999-05-17 13:35:02.830566667,0.7478849095578245
1999-06-30,-0.045,0.0,-0.045,-0.06,-0.07,-0.08,-0.1,-0.105,-0.12,1999.4972606552208,1999-07-01 12:00:12.023042224,1.2500876554827984
1999-08-24,0.0375,0.015,0.0375,0.01,0.025,0.01,0.0,-0.0025,-0.0225,1999.64517831316,1999-08-24 11:45:43.283811591,1.317287118628584
1999-10-05,-0.047692308,-0.04,-0.025,0.0,0.045,0.03,0.0725,0.095,0.09,1999.7592923920647,1999-10-05 03:24:04.876152638,1.4103981590900554
1999-11-16,0.053571429,0.025,0.085,0.085,0.045,0.0625,0.075,0.07,0.06,1999.852593105164,1999-11-08 04:42:56.164452940,0.6226357193219617
1999-12-21,0.0155,0.005,-0.01,-0.005,-0.005,0.015,0.045,0.04,0.05,1999.9864495632112,1999-12-27 01:17:53.425427807,1.0045662130318338
2000-02-02,-0.053703704,-0.05,-0.035,-0.015,0.005,-0.02,-0.005,0.0025,0.015,2000.0938857252777,2000-02-04 08:41:31.959021125,0.8965405583063367
2000-03-21,-0.031,-0.01,-0.02,-0.005,-0.01,-0.005,-0.005,0.005,0.0,2000.2222353769027,2000-03-22 08:06:55.982569366,1.0541105960414034
2000-05-16,0.041333333,0.02,0.05,0.05,0.055,0.05125,0.0525,0.05,0.045,2000.3919395135283,2000-05-23 10:47:48.072597754,0.609048138532008
2000-06-28,-0.02,0.0,-0.02,-0.02,-0.015,-0.025,-0.03,-0.045,-0.045,2000.4857954875704,2000-06-26 19:13:39.226145750,0.8565810559334963
2000-08-22,0.017222222,0.005,-0.005,0.0,0.105,-0.0025,0.015,0.02,0.02,2000.6226934255976,2000-08-15 21:44:20.581618099,0.6263549230056508
2000-10-03,0.0,0.0,0.005,0.01,0.02,0.0225,0.035,0.045,0.06,2000.748380074672,2000-09-30 21:46:14.073308276,0.6130260889934481
2000-11-15,0.0,0.0,0.0,0.005,0.015,0.0075,0.01,0.005,0.0025,2000.8650906212415,2000-11-12 14:57:21.661147416,0.6052465858738341
2000-12-19,0.051666667,0.02,0.045,0.015,0.01,0.035,0.0225,0.0075,-0.005,2000.967156100191,2000-12-19 23:29:57.062680033,0.1364190243181053
2001-01-31,-0.3575,-0.35,-0.145,-0.11,-0.18,-0.11,-0.1475,-0.135,-0.125,2001.078327215745,2001-01-29 14:08:47.075735840,-0.977222607182825
2001-03-20,0.056363636,0.02,0.0275,-0.01,-0.07,-0.04,-0.065,-0.085,-0.0825,2001.2133255345725,2001-03-19 20:43:54.058278506,-1.975940169866184
2001-05-15,-0.096875,-0.05,-0.09,-0.12,-0.125,-0.11,-0.1375,-0.13,-0.1575,2001.3692283430696,2001-05-15 18:26:25.027043156,-2.087041086294568
2001-06-27,0.105,0.015,0.105,0.085,0.075,0.075,0.075,0.075,0.06,2001.485515894908,2001-06-27 05:07:09.261821081,-1.613321185664539
2001-08-21,0.02635,0.0085,0.015,-0.02,-0.005,-0.0275,-0.09,-0.09,-0.11,2001.6454484032224,2001-08-24 14:07:40.844022150,-1.426224315635596
2001-10-02,-0.037413793,-0.035,-0.045,-0.045,-0.04,-0.0475,-0.07,-0.0625,-0.0575,2001.7565250199527,2001-10-04 03:09:33.029229375,-1.4950935151305331
2001-11-06,-0.146875,-0.1175,-0.13,-0.14,-0.145,-0.16,-0.1525,-0.1625,-0.165,2001.843598935597,2001-11-04 21:55:36.032983881,-1.487799748819043
2001-12-11,-0.00775,-0.005,0.01,-0.035,-0.03,-0.02,-0.06,-0.095,-0.095,2001.9469513985184,2001-12-12 15:17:39.303676962,-0.7991598246497919
2002-01-30,0.02,0.0,0.02,0.02,0.0225,0.025,0.02,0.0275,0.025,2002.1054703619368,2002-02-08 11:55:13.334038786,-0.2404929068893669
2002-03-19,-0.03875,-0.015,-0.02,-0.035,-0.04,-0.06,-0.075,-0.08,-0.09,2002.2084588918908,2002-03-18 02:05:59.614668709,-0.2014709678407839
2002-05-07,0.0,0.0,0.005,0.0,-0.02,-0.015,-0.03,-0.0525,-0.065,2002.322392973037,2002-04-28 16:09:44.797696093,0.2446066770261942
2002-06-26,0.0,0.0,0.0,0.005,0.005,0.015,0.01,0.005,0.0025,2002.4795856583285,2002-06-25 01:10:13.321046323,-0.4198936191893455
2002-08-13,0.034444444,0.02,0.03,-0.01,-0.04,-0.0225,-0.075,-0.155,-0.205,2002.6065419344484,2002-08-10 09:18:26.444764336,-0.4439233199405806
2002-09-24,0.02,0.005,0.02,0.005,-0.005,-0.0025,-0.01,-0.02,-0.035,2002.7289584099608,2002-09-24 01:40:32.416523676,-0.3643545394048824
2002-11-06,-0.203125,-0.1625,-0.1325,-0.105,-0.075,-0.0825,-0.06,-0.065,-0.065,2002.8483779227956,2002-11-06 15:47:26.173283138,-0.3181851143659963
2002-12-10,0.0,0.0,-0.005,0.005,0.005,0.005,0.01,0.03,0.04,2002.9547025987035,2002-12-15 11:11:41.152714647,-0.5817180325148807
2003-01-29,0.005,0.0,0.005,0.015,0.025,0.0325,0.04,0.055,0.05,2003.111773142659,2003-02-10 19:07:57.826897489,0.0529090642916213
2003-03-18,0.023846154,0.01,0.015,-0.005,-0.01,0.01,-0.005,0.0025,-0.01,2003.1988470583024,2003-03-14 13:54:00.830623311,-0.5677167783050899
2003-05-06,0.031,0.025,0.015,-0.025,-0.05,-0.03,-0.0775,-0.11,-0.145,2003.341634780126,2003-05-05 16:43:14.426053993,-1.1783944019326875
2003-06-25,0.125,0.03,0.125,0.115,0.105,0.115,0.115,0.135,0.13,2003.4759986068548,2003-06-23 17:44:52.065772126,-1.5647487905505233
2003-08-12,0.0,0.0,0.0,0.0,0.0,-0.005,-0.015,-0.05,-0.08,2003.6145968808505,2003-08-13 07:52:07.234501782,-0.8319239166291473
2003-09-16,0.0,0.0,0.0,0.005,0.0,0.0,-0.005,0.0,-0.0025,2003.7140816419385,2003-09-18 15:21:18.660172276,-0.8690376544411128
2003-10-28,0.0,0.0,0.0,0.0,-0.01,-0.0225,-0.085,-0.12,-0.125,2003.7924684157651,2003-10-17 06:01:23.959569541,-0.1231692429546509
2003-12-09,0.0,0.0,0.005,-0.005,-0.005,-0.005,0.0025,0.05,0.075,2003.9203230735543,2003-12-02 22:01:48.447608413,-0.1853719683262431
2004-01-28,0.0,0.0,0.0,0.01,0.01,0.0275,0.11,0.1875,0.245,2004.0300992064808,2004-01-12 00:23:29.147019305,-0.1202397794360976
2004-03-16,0.010333333,0.005,0.0,0.005,-0.01,-0.025,-0.055,-0.085,-0.1,2004.2431940527492,2004-03-30 00:12:59.613657304,-0.2846812315994694
2004-05-04,-0.011481481,-0.01,-0.0075,-0.005,-0.0075,-0.005,0.005,0.015,0.015,2004.3437003011163,2004-05-05 19:03:48.402020534,0.0101955962147037
2004-06-30,-0.01,0.0,-0.01,-0.02,-0.015,-0.04,-0.03,-0.025,-0.025,2004.4922479667805,2004-06-29 03:54:22.104719570,0.2726848325511719
2004-08-10,0.014761905,0.01,0.015,0.035,0.04,0.035,0.045,0.05,0.05,2004.6068699476648,2004-08-10 02:44:44.233035077,0.7547114179709608
2004-09-21,0.0,0.0,0.0,0.0,-0.005,-0.015,-0.015,-0.02,-0.03,2004.751698970192,2004-10-02 02:55:25.514996658,0.5328955868816047
2004-11-10,0.0,0.0,-0.005,-0.005,-0.01,-0.005,-0.025,-0.035,-0.05,2004.827291278819,2004-10-29 18:55:35.735328321,1.071973573588615
2004-12-14,0.0,0.0,0.0025,-0.005,-0.005,-0.0075,-0.015,-0.015,-0.02,2004.963169015266,2004-12-18 12:28:35.868346789,0.6406686018961537
2005-02-02,-0.005384615,-0.005,0.0,0.0,0.0,-0.005,-0.01,-0.015,-0.015,2005.1069132966056,2005-02-09 00:33:37.721755013,0.4461321673713867
2005-03-22,0.0,0.0,0.0,0.0075,0.01,0.03,0.07,0.095,0.105,2005.212099486692,2005-03-19 09:59:29.412321063,0.5378950246221704
2005-05-03,0.0,0.0,0.0,0.005,0.01,0.01,0.025,0.0325,0.035,2005.349059781086,2005-05-08 09:45:49.256328035,1.002994832600686
2005-06-30,-0.0025,0.0,-0.0025,0.005,0.015,0.045,0.055,0.055,0.06,2005.4859210767129,2005-06-27 08:40:07.075217521,1.0212250055751075
2005-08-09,-0.007045455,-0.005,-0.005,-0.01,-0.015,-0.005,-0.02,-0.025,-0.03,2005.6189169204772,2005-08-14 21:42:44.004169117,0.6068971653186954
2005-09-20,0.045,0.015,0.03,0.045,0.035,0.035,0.025,0.015,0.02,2005.713277531092,2005-09-18 08:18:40.220516983,0.8917731891043278
2005-11-01,-0.005172414,-0.005,0.0,0.0,0.0,0.005,0.015,0.015,0.015,2005.8367624218704,2005-11-02 10:02:19.736104606,1.2387805820073183
2005-12-13,-0.008611111,-0.005,0.0,-0.005,-0.005,-0.0025,-0.025,-0.04,-0.04,2005.9501802951595,2005-12-13 19:34:45.788149931,1.3117683873549302
2006-01-31,0.01,0.0,0.01,0.01,0.025,0.03,0.025,0.035,0.04,2006.121043167355,2006-02-14 04:20:17.325709897,1.501882019815265
2006-03-28,0.005,0.005,0.005,0.025,0.03,0.035,0.05,0.06,0.06,2006.2494715679995,2006-04-02 01:22:15.368433337,1.482136265714813
2006-05-10,0.0,0.0,0.01,0.03,0.035,0.035,0.055,0.065,0.065,2006.3611441058808,2006-05-12 19:37:20.523058152,1.4259692508930644
2006-06-29,-0.015,-0.005,-0.015,-0.03,-0.03,-0.05,-0.055,-0.055,-0.055,2006.5036329028555,2006-07-03 19:49:27.224452395,1.1699229537968518
2006-08-08,-0.047173913,-0.035,-0.035,-0.035,-0.035,-0.035,-0.035,-0.025,-0.03,2006.586184374818,2006-08-02 22:58:30.444260560,1.125119711744494
2006-09-20,0.0,0.0,-0.005,0.0,0.0,0.015,0.015,0.02,0.03,2006.723288667419,2006-09-22 00:00:31.415724192,0.7217879345509498
2006-10-25,-0.005,0.005,-0.005,-0.005,-0.005,-0.005,-0.005,-0.015,-0.01,2006.8195874681824,2006-10-27 03:35:10.396598982,0.3756558450332691
2006-12-12,0.0,0.0,0.0,-0.0025,-0.005,-0.005,-0.015,-0.05,-0.055,2006.9494378511183,2006-12-13 13:04:32.072867296,0.7541659313384568
2007-01-31,-0.005,0.0,-0.005,-0.005,0.0,0.0,-0.005,-0.01,-0.01,2007.0834101827224,2007-01-31 10:40:23.522335049,0.9981564928539216
2007-03-21,0.0,0.0,-0.005,-0.01,-0.01,-0.05,-0.095,-0.115,-0.12,2007.2261034057224,2007-03-24 12:39:57.002860647,0.5688618389835375
2007-05-09,0.007045455,0.005,0.0,0.005,0.005,0.005,0.035,0.055,0.07,2007.3658888935047,2007-05-14 13:11:12.145563864,0.3639385052383818
2007-06-28,0.0,0.0,0.0,0.0,0.005,0.005,0.01,0.02,0.025,2007.5181407688972,2007-07-09 02:54:47.287941563,0.1291831144289704
2007-08-07,-0.000922619,0.005,0.02,-0.0075,-0.03,-0.0525,-0.08,-0.075,-0.08,2007.5975647798075,2007-08-07 02:40:02.896009285,-2.051741725887635
2007-09-18,-0.2125,-0.085,-0.18,-0.155,-0.155,-0.18,-0.185,-0.175,-0.16,2007.713089591144,2007-09-18 06:39:53.346313978,-2.29378021171286
2007-10-31,-0.02,0.0,-0.02,0.015,0.03,0.015,0.06,0.085,0.09,2007.829395464182,2007-10-30 17:30:15.358442636,-2.007080424924792
2007-12-11,0.031,0.02,0.045,0.025,0.035,0.185,0.125,0.02,-0.055,2007.9394576649745,2007-12-09 21:38:56.922635762,-1.397512873187434
2008-01-30,-0.575,-0.1325,-0.335,-0.265,-0.235,-0.275,-0.225,-0.16,-0.105,2008.083592477165,2008-01-31 14:16:34.749902003,-1.2491902202920253
2008-03-18,0.192557692,0.1,0.17,0.175,0.1775,0.085,0.105,0.115,0.125,2008.2082778887077,2008-03-17 05:30:46.707870320,-1.2842839975448554
2008-04-30,-0.06,0.0,-0.06,-0.065,-0.065,-0.06,-0.08,-0.08,-0.05,2008.3300791575955,2008-04-30 19:24:55.153147680,-1.2502405072125002
2008-06-25,-0.01,0.0,-0.01,-0.035,-0.045,-0.065,-0.05,-0.045,-0.06,2008.481837517705,2008-06-25 08:27:38.719871092,-0.349399425645209
2008-08-05,-0.005961538,-0.005,-0.01,-0.0225,-0.025,-0.025,-0.035,-0.03,-0.04,2008.589707924364,2008-08-03 19:59:39.867404758,-0.4985482682518378
2008-09-16,0.1125,0.0525,0.105,0.13,0.1275,0.14,0.1,0.09,0.09,2008.7068459656105,2008-09-15 16:56:05.862920058,-0.1816640145024578
2008-10-29,-0.181413043,-0.0975,-0.075,-0.085,-0.085,0.02,-0.06,-0.09,-0.095,2008.82429450299,2008-10-28 16:36:10.491348280,-1.851145795394939
2008-12-16,-0.149833333,-0.0725,-0.185,-0.17,-0.185,-0.26,-0.26,-0.265,-0.27,2008.963693767011,2008-12-18 17:05:09.777925769,-0.5148506652334058
2009-01-28,0.005,0.0,0.005,0.0,0.0,0.0,-0.01,-0.015,-0.015,2009.0770197932293,2009-01-29 02:41:36.199278669,-0.5349984893267702
2009-03-18,0.0,0.0,-0.0075,-0.005,-0.015,-0.05,-0.06,-0.07,-0.07,2009.200689101354,2009-03-15 06:02:11.500302923,-0.3705690905847233
2009-04-29,0.0,-0.0025,0.0,0.005,0.0,0.0,0.01,0.015,0.035,2009.3138659062167,2009-04-25 13:27:55.218450905,-0.3154203487964105
2009-06-24,0.0,0.0,0.0,0.005,0.01,0.01,0.035,0.05,0.07,2009.5170383760517,2009-07-08 17:15:22.227166005,-0.664687999266055
2009-08-12,0.0,0.0,0.0,0.0,-0.005,0.0,-0.02,-0.045,-0.03,2009.608735984115,2009-08-11 04:31:37.995047512,-0.472220896114163
2009-09-23,-0.01,0.0,-0.01,-0.015,-0.02,-0.05,-0.1,-0.125,-0.135,2009.676519604272,2009-09-04 22:18:42.240322301,-0.322609973547663
2009-11-04,-0.005769231,-0.005,-0.0075,-0.01,-0.01,-0.015,-0.015,-0.035,-0.04,2009.8551146658904,2009-11-09 02:48:16.103518678,-0.041719357273469
2009-12-16,-0.025833333,-0.0125,-0.015,0.0,-0.0025,-0.005,-0.005,0.0,0.015,2009.955310418124,2009-12-15 16:31:09.345961608,-0.0994770380004835
2010-01-27,-0.005,0.0,-0.005,0.0,0.0,-0.005,0.015,0.04,0.065,2010.0637928171611,2010-01-24 06:49:30.281993374,0.2362052816511853
2010-03-16,-0.010333333,-0.005,-0.0075,-0.01,-0.01,-0.015,-0.04,-0.05,-0.06,2010.19286245982,2010-03-12 09:28:30.532881463,0.2639114366184806
2010-04-28,0.0,-0.0025,0.0,-0.005,-0.01,-0.01,-0.01,-0.015,-0.01,2010.3257683047052,2010-04-29 21:43:49.257183403,-0.1570763207000722
2010-06-23,0.005,0.0,0.005,0.0,0.0,0.005,-0.005,0.005,0.005,2010.484908822883,2010-06-26 23:48:04.638437389,-0.4681304470536988
2010-08-10,0.003690476,0.0025,0.0,0.005,0.0,-0.01,-0.02,-0.035,-0.04,2010.5934956849053,2010-08-05 15:01:19.919173298,-0.9096173776615928
2010-09-21,0.0,0.0,0.0,0.005,0.005,0.0,-0.01,-0.015,-0.015,2010.70345181559,2010-09-14 18:14:16.456443561,-0.9358186227985263
2010-11-03,0.008333333,0.0075,0.015,0.005,0.01,0.005,-0.01,0.0,-0.005,2010.833373233356,2010-11-01 04:20:58.287116137,-0.7796728173270911
2010-12-14,0.004558824,0.0025,0.005,0.005,0.005,0.005,0.0,0.0,-0.005,2010.9500117808225,2010-12-13 18:06:11.520017686,-0.115150342816318
2011-01-26,-0.005,0.0,-0.005,-0.005,0.0,-0.005,-0.005,-0.01,-0.02,2011.0609331494863,2011-01-23 05:46:27.802201391,-0.0385279970163913
2011-03-15,-0.00484375,-0.0025,0.0,0.0,0.0,0.0,0.0,0.005,0.02,2011.225673526499,2011-03-24 08:54:00.331669146,0.033411449958155
2011-04-27,-0.005,0.0,-0.005,-0.005,-0.005,-0.015,-0.02,-0.025,-0.03,2011.3228883872828,2011-04-28 20:30:08.181349551,0.0062356455291105
2011-06-22,-0.009375,-0.0025,-0.005,0.0,0.0,-0.005,-0.005,0.0,0.01,2011.4772814645812,2011-06-24 04:59:08.267033051,-0.6561291058524129
2011-08-09,-0.007045455,-0.005,-0.005,-0.005,0.0,0.025,0.0,-0.04,-0.085,2011.5987349520865,2011-08-07 12:55:05.448999492,-0.4594455552091523
2011-09-21,0.008333333,0.0025,0.015,0.02,0.015,0.055,0.08,0.11,0.095,2011.7254083745856,2011-09-22 18:34:38.500932760,-1.4148898567868635
2011-11-02,0.0,0.0,0.005,0.005,0.005,0.005,0.0175,0.015,0.015,2011.8340820212416,2011-11-01 10:33:30.621873723,-0.6255114871424091
2011-12-13,0.004305556,0.0025,0.0,-0.005,0.0,0.0025,0.01,0.01,0.01,2011.9520319809485,2011-12-14 11:48:00.551192034,-1.1590287002421893
2012-01-25,-0.005,-0.0025,-0.005,0.0,0.0,-0.0025,-0.015,-0.015,-0.015,2012.0724553027103,2012-01-27 12:26:50.564426052,-0.567637707861203
2012-03-13,0.0,0.0,-0.005,0.0,0.0,0.0025,0.01,0.015,0.025,2012.1901063375683,2012-03-10 13:53:38.649119654,-0.6523356530933677
2012-04-25,-0.005,-0.0025,-0.005,-0.005,0.0,0.0,-0.01,-0.01,-0.01,2012.302545473046,2012-04-20 17:33:33.966847895,-0.6517744457965249
2012-06-20,0.015,0.005,0.01,0.005,0.01,0.015,0.015,0.015,0.005,2012.465083448914,2012-06-19 05:17:34.854934963,-0.5544368008273174
2012-08-01,0.0155,0.015,0.015,0.005,0.005,0.01,0.01,0.015,0.015,2012.5772477663847,2012-07-30 06:32:39.767724928,-0.5742121259880841
2012-09-13,0.013235294,0.0075,0.01,0.005,0.01,0.005,0.0025,0.0,-0.005,2012.702829952474,2012-09-14 05:39:29.889116219,-0.6214345379138329
2012-10-24,0.0,0.0,0.0,-0.005,0.0,0.0,0.0,-0.0025,0.0,2012.8130223302169,2012-10-24 13:35:17.335050311,-0.708643451876174
2012-12-12,0.004078947,0.0025,0.005,0.0,0.0,-0.0025,-0.005,-0.005,-0.005,2012.948068862729,2012-12-12 23:50:12.804764294,-0.604933886258325
2013-01-30,0.005,0.0,0.005,0.0,0.005,0.0,0.0,-0.005,-0.005,2013.0978462832225,2013-02-05 17:08:00.387703256,-0.509997925665969
2013-03-20,0.0,0.0,0.005,0.005,0.005,0.0,0.0,0.005,0.0,2013.210177741469,2013-03-18 17:09:25.254963126,-0.3604249311985699
2013-05-01,0.0,0.0,0.0,0.0,-0.005,-0.005,-0.005,-0.005,0.0,2013.3229672297264,2013-04-28 21:11:34.556650903,-0.3339376181955388
2013-06-19,0.0,0.0,0.003,0.005,0.005,0.01,0.01,0.02,0.03,2013.474697304474,2013-06-23 06:20:54.193889558,-0.5654449494539663
2013-09-18,0.0,0.0,0.0,-0.005,0.0,-0.015,-0.025,-0.02,-0.04,2013.7260609598843,2013-09-23 00:17:38.430911518,-0.1742031074152746
2013-10-30,0.0,0.0,0.0,0.0,0.0,0.0,0.0,0.005,0.005,2013.837878942383,2013-11-02 19:49:10.326989838,-0.1411172694427206
2013-12-18,0.005961538,0.0025,0.005,0.005,0.0,0.01,0.005,-0.005,-0.015,2013.958404316446,2013-12-16 19:37:18.523438584,-0.1962573327676706
2014-01-29,0.0,-0.0025,0.0,0.0,0.0,0.0,0.01,0.0,-0.005,2014.076053101332,2014-01-28 18:13:30.603607083,-0.2078644882204334
2014-03-19,0.0,0.0,0.0,0.0,0.005,0.02,0.01,0.03,0.06,2014.2106984959823,2014-03-18 21:43:07.769299143,-0.4164029483739592
2014-04-30,0.0,-0.0025,0.0,0.0,0.0,0.01,0.0,0.0,0.005,2014.316386108396,2014-04-26 11:32:32.314377690,0.2880581359126997
2014-06-18,0.0,0.0,0.0,-0.005,-0.005,-0.02,0.0,0.0,0.0,2014.4620605442703,2014-06-18 15:39:01.324109554,0.4456596732554927
2014-07-30,0.0,0.0,0.0,0.0,0.0,0.0,0.0,-0.02,-0.01,2014.5883948638495,2014-08-03 18:20:20.426359223,0.5325850907483036
2014-09-17,0.0,0.0,-0.005,0.0,0.0,0.0,0.015,0.035,0.045,2014.7005350744785,2014-09-13 16:41:14.108752913,0.5110258592316069
2014-10-29,0.0,0.0,0.0,0.005,0.005,0.0,-0.015,0.035,0.055,2014.816424381276,2014-10-25 23:52:39.287918830,0.5157319006259213
2014-12-17,0.0,0.0,0.0,0.0,-0.005,-0.01,-0.01,-0.01,0.0,2014.9678739327308,2014-12-20 06:34:32.342597057,0.5146336893022615
2015-01-28,0.0,0.0,0.0,0.0,0.0,-0.005,-0.005,-0.01,-0.015,2015.0717467016732,2015-01-27 04:30:03.983965767,0.5092033819274381
2015-03-18,-0.005961538,-0.0025,-0.01,-0.015,-0.025,-0.05,-0.09,-0.125,-0.155,2015.2252060406,2015-03-24 04:48:17.696358904,0.8766013066155676
2015-04-29,-0.005,0.0,-0.005,-0.005,-0.005,0.01,0.0,0.0,0.0,2015.2781012747375,2015-04-12 12:10:01.800122966,1.023330979348811
2015-06-17,-0.011538462,-0.005,-0.005,-0.015,-0.025,-0.045,-0.065,-0.08,-0.09,2015.463579322069,2015-06-19 04:57:17.500771405,0.9344750858967734
2015-07-29,-0.005,-0.0025,-0.005,-0.005,-0.005,-0.005,-0.005,-0.01,-0.015,2015.5723204678843,2015-07-28 21:31:38.275199613,0.9230182285723072
2015-09-17,-0.063461538,-0.0275,-0.05,-0.055,-0.065,-0.07,-0.08,-0.085,-0.09,2015.7099850035088,2015-09-17 03:28:07.070653240,0.4878871473846294
2015-10-28,-0.005,0.0,-0.005,0.01,0.02,0.02,0.03,0.045,0.055,2015.828142282062,2015-10-30 06:31:35.007103767,0.440651235627004
2015-12-16,0.031,0.015,0.02,0.015,0.015,0.015,0.025,0.03,0.03,2015.9514632463104,2015-12-14 06:49:04.935643763,0.7755280653096702
2016-01-27,-0.005,-0.0025,-0.005,-0.01,-0.015,-0.02,-0.025,-0.035,-0.035,2016.0667180610092,2016-01-25 10:03:05.212456349,0.5135098282980258
2016-03-16,-0.0155,-0.0075,-0.025,-0.06,-0.065,-0.075,-0.11,-0.13,-0.14,2016.19570413328,2016-03-12 15:03:54.384235372,0.7966649449431803
2016-04-27,-0.005,0.0,-0.005,0.005,0.01,0.005,0.01,0.01,0.015,2016.3166741982336,2016-04-25 21:39:58.166222616,0.769199344123053
2016-06-15,0.0,0.0,-0.01,-0.03,-0.03,-0.035,-0.045,-0.045,-0.045,2016.4579769385505,2016-06-16 14:52:09.941618484,0.8963245609962155
2016-07-27,-0.01,-0.005,-0.01,-0.005,0.005,0.005,0.005,0.005,0.005,2016.5716230232829,2016-07-28 05:08:11.891460606,0.8815467450286032
2016-09-21,-0.05,-0.015,-0.045,-0.035,-0.02,-0.02,-0.025,-0.03,-0.035,2016.7311797862767,2016-09-24 14:40:59.673556257,0.6012947350873702
2016-11-02,-0.005357143,-0.005,0.0,0.0,0.0,0.005,0.005,0.005,0.005,2016.8458946077,2016-11-05 14:20:17.642534838,1.031889872762454
2016-12-14,-0.004558824,-0.0025,-0.005,0.005,0.015,0.0,0.03,0.07,0.12,2016.9493033199217,2016-12-13 10:40:49.303891413,0.9921193680359712
2017-02-01,-0.005185185,-0.005,-0.015,-0.025,-0.02,-0.015,-0.015,-0.025,-0.025,2017.0870893540323,2017-02-01 18:54:09.868762198,1.0787801888238828
2017-03-15,0.00484375,0.0025,0.005,0.0,-0.025,-0.0425,-0.055,-0.07,-0.0825,2017.1931552831632,2017-03-12 12:02:25.009833120,1.0891291599451711
2017-05-03,-0.002767857,-0.0025,0.005,0.015,0.005,0.015,0.015,0.015,0.015,2017.3596307099967,2017-05-12 06:21:54.070457071,0.902245201550492
2017-06-14,0.01875,0.01,0.02,0.01,0.01,0.01,0.015,0.035,0.04,2017.4614194423923,2017-06-18 10:02:03.535283512,0.4286363852513884
2017-07-26,-0.005,-0.0025,-0.005,-0.005,-0.01,-0.005,-0.015,-0.0175,-0.015,2017.5690131024976,2017-07-27 16:33:17.200364080,0.2590082976786781
2017-09-20,-0.0075,-0.0025,-0.005,-0.005,0.02,0.04,0.05,0.065,0.07,2017.688104119423,2017-09-09 03:47:31.510126484,0.3541263131467137
2017-11-01,-0.002586207,-0.0025,0.0,-0.005,-0.005,0.0,0.005,0.0,0.005,2017.8259824023853,2017-10-29 11:36:21.041623045,0.5627321438898225
2017-12-13,0.004305556,0.0025,0.0,0.005,-0.005,-0.005,-0.015,-0.02,-0.025,2017.9482233800832,2017-12-13 02:26:12.514302646,0.1897703599186027
2018-01-31,-0.0075,0.0025,-0.0075,0.0,0.0,0.0,0.0,0.005,0.005,2018.0808592283308,2018-01-30 12:19:36.624641283,1.213948605532768
2018-03-21,0.0,0.0,0.0,-0.005,-0.005,-0.02,-0.025,-0.025,-0.02,2018.208878134075,2018-03-18 05:46:20.836185847,1.0173856533876653
2018-05-02,-0.002672414,-0.0025,0.0,-0.005,-0.005,-0.005,-0.01,-0.01,-0.01,2018.3352346319496,2018-05-03 08:39:19.353161350,0.886180401610062
2018-06-13,-0.004411765,-0.0025,-0.005,-0.01,-0.01,-0.0025,0.01,0.025,0.035,2018.444915944628,2018-06-12 09:27:49.229790647,0.6826627217884645
2018-08-01,-0.002583333,-0.0025,-0.005,0.0,0.0,0.0,-0.005,-0.005,-0.005,2018.5732880959729,2018-07-29 06:00:13.394600890,0.2924680809943882
2018-09-26,0.01,0.0,0.01,0.01,0.005,0.005,-0.005,-0.005,-0.01,2018.7286968749083,2018-09-23 23:23:04.647109315,1.432044175240289
2018-11-08,0.006818182,0.005,0.0,0.0,0.0,0.005,0.0075,0.01,0.01,2018.842384744835,2018-11-04 11:17:25.313117959,1.52501173177432
2018-12-19,0.025833333,0.01,0.025,0.02,0.02,0.02,0.0225,0.0,-0.02,2018.9580243047424,2018-12-16 16:17:34.474355272,0.6321490508497146
2019-01-30,0.0,-0.0025,0.0,0.0,-0.005,-0.01,-0.035,-0.05,-0.065,2019.0786318027824,2019-01-29 16:48:52.532546112,0.3266856548731139
2019-03-20,0.0,0.0,0.005,0.0,0.0,0.0,-0.015,-0.04,-0.06,2019.238280814628,2019-03-28 23:20:23.770110802,-0.1665118031972983
2019-05-01,-0.025833333,-0.025,-0.01,0.01,0.01,0.0,0.04,0.055,0.06,2019.332631139656,2019-05-02 09:50:55.620194354,-1.0963748233460568
2019-06-19,0.054545455,0.02,0.05,-0.0775,-0.085,-0.11,-0.15,-0.18,-0.175,2019.459192063556,2019-06-17 14:31:20.916301212,-1.181056568779953
2019-07-31,0.04,0.0,0.04,0.05,0.065,0.05,0.085,0.085,0.085,2019.5447894350875,2019-07-18 20:21:19.624920125,-1.714721797893592
2019-09-18,0.046875,0.01875,0.03,0.04,0.04,0.07,0.065,0.075,0.075,2019.7169327824083,2019-09-19 16:19:52.226028814,-2.044690956550033
2019-10-30,-0.02025,-0.0025,-0.0225,-0.005,0.01,-0.01,-0.0025,-0.005,-0.015,2019.813754637706,2019-10-25 00:29:26.254699483,-1.935821518956231
2019-12-11,0.0,0.0,-0.005,0.0,-0.005,0.0025,-0.005,-0.01,-0.02,2019.9729956650124,2019-12-22 03:26:31.291830312,-1.6196661066494096
2020-01-29,0.01,0.0025,0.01,0.01,0.005,0.0,-0.01,-0.02,-0.02,2019.9729956650124,2019-12-22 03:26:31.291830312,-1.6196661066494096
2020-03-03,-0.485066964,-0.365,-0.3,-0.22,-0.1925,-0.34375,-0.205,-0.22,-0.23,2019.9729956650124,2019-12-22 03:26:31.291830312,-1.6196661066494096
2020-04-29,-0.0275,-0.0025,-0.0275,-0.025,-0.02,0.005,-0.005,-0.01,0.0,2019.9729956650124,2019-12-22 03:26:31.291830312,-1.6196661066494096
2020-06-10,0.0,0.0,0.0,0.0,0.005,-0.0025,-0.005,-0.005,-0.005,2019.9729956650124,2019-12-22 03:26:31.291830312,-1.6196661066494096
2020-07-29,0.005,0.0,0.005,0.005,0.0,0.0,-0.015,-0.005,-0.005,2019.9729956650124,2019-12-22 03:26:31.291830312,-1.6196661066494096
2020-09-16,0.0,0.0,0.0,0.0,-0.005,0.0,0.0,0.0,0.0,2019.9729956650124,2019-12-22 03:26:31.291830312,-1.6196661066494096
2020-11-05,0.0,0.0,0.0,-0.005,0.0,0.0,0.0,0.005,0.0,2019.9729956650124,2019-12-22 03:26:31.291830312,-1.6196661066494096
2020-12-16,0.0,0.0,0.0,0.0,0.0,-0.005,-0.005,0.0,0.0,2019.9729956650124,2019-12-22 03:26:31.291830312,-1.6196661066494096
2021-01-27,0.0,0.0,0.0,0.005,0.0,0.005,0.0,0.0,0.005,2019.9729956650124,2019-12-22 03:26:31.291830312,-1.6196661066494096
2021-03-17,-0.011071429,-0.005,-0.01,-0.01,-0.01,-0.01,-0.01,-0.015,-0.01,2019.9729956650124,2019-12-22 03:26:31.291830312,-1.6196661066494096
2021-04-28,-0.01,0.0,-0.01,-0.0075,-0.01,-0.005,-0.0025,-0.005,-0.01,2019.9729956650124,2019-12-22 03:26:31.291830312,-1.6196661066494096
2021-06-16,0.026785714,0.0125,0.02,0.0125,0.005,0.01,0.015,0.015,0.03,2019.9729956650124,2019-12-22 03:26:31.291830312,-1.6196661066494096
2021-07-28,-0.005,0.0,-0.005,0.0,-0.005,-0.005,-0.005,0.0,0.0,2019.9729956650124,2019-12-22 03:26:31.291830312,-1.6196661066494096
2021-09-22,0.0,0.0,0.0,0.0,0.0,0.005,0.005,0.015,0.025,2019.9729956650124,2019-12-22 03:26:31.291830312,-1.6196661066494096
2021-11-03,0.0,0.0,-0.005,-0.005,0.0,-0.0025,0.005,0.01,0.0,2019.9729956650124,2019-12-22 03:26:31.291830312,-1.6196661066494096
2021-12-15,-0.00484375,-0.0025,-0.005,-0.01,0.01,0.02,0.04,0.035,0.03,2019.9729956650124,2019-12-22 03:26:31.291830312,-1.6196661066494096
2022-01-26,-0.005,-0.0025,-0.005,0.02,0.045,0.08,0.11,0.125,0.14,2019.9729956650124,2019-12-22 03:26:31.291830312,-1.6196661066494096
2022-03-16,-0.020666667,-0.01,-0.015,-0.03,-0.02,0.02,0.05,0.065,0.06,2019.9729956650124,2019-12-22 03:26:31.291830312,-1.6196661066494096
2022-05-04,-0.017222222,-0.015,-0.045,-0.075,-0.11,-0.095,-0.15,-0.17,-0.18,2019.9729956650124,2019-12-22 03:26:31.291830312,-1.6196661066494096
2022-06-15,0.12162,0.06625,0.145,0.115,0.1,0.065,-0.055,-0.04,-0.06,2019.9729956650124,2019-12-22 03:26:31.291830312,-1.6196661066494096
2022-07-27,-0.015,0.0,-0.015,-0.025,-0.045,-0.055,-0.1,-0.125,-0.105,2019.9729956650124,2019-12-22 03:26:31.291830312,-1.6196661066494096
2022-09-21,-0.025,-0.0075,-0.03,-0.03,0.01,0.06,0.085,0.105,0.095,2019.9729956650124,2019-12-22 03:26:31.291830312,-1.6196661066494096
2022-11-02,-0.002678571,-0.0025,-0.01,-0.015,0.015,0.0,0.06,0.105,0.13,2019.9729956650124,2019-12-22 03:26:31.291830312,-1.6196661066494096
2022-12-14,-0.002279412,-0.00125,0.0025,0.0,0.005,0.0,0.045,0.07,0.075,2019.9729956650124,2019-12-22 03:26:31.291830312,-1.6196661066494096
2023-02-01,-0.007777778,-0.0075,-0.01,-0.01,-0.025,-0.04,-0.065,-0.115,-0.155,2019.9729956650124,2019-12-22 03:26:31.291830312,-1.6196661066494096
2023-03-22,0.034444444,0.01,0.035,0.01,-0.0075,-0.04,-0.09,-0.135,-0.205,2019.9729956650124,2019-12-22 03:26:31.291830312,-1.6196661066494096
2023-05-03,0.011071429,0.01,0.02,0.01,0.01,0.005,-0.015,-0.035,-0.055,2019.9729956650124,2019-12-22 03:26:31.291830312,-1.6196661066494096
2023-06-14,-0.0140625,-0.0075,-0.015,0.0,0.01,-0.01,0.05,0.125,0.16,2019.9729956650124,2019-12-22 03:26:31.291830312,-1.6196661066494096
2023-07-26,0.005,0.0025,0.005,0.0025,0.005,-0.015,-0.035,-0.05,-0.065,2019.9729956650124,2019-12-22 03:26:31.291830312,-1.6196661066494096
2023-09-20,0.0,0.0,0.0,0.005,0.02,0.03,0.07,0.1,0.125,2019.9729956650124,2019-12-22 03:26:31.291830312,-1.6196661066494096
2023-11-01,-0.002586207,-0.0025,-0.02,-0.03,-0.04,-0.035,-0.055,-0.075,-0.09,2019.9729956650124,2019-12-22 03:26:31.291830312,-1.6196661066494096
2023-12-13,-0.004305556,-0.0025,0.0,-0.025,-0.05,-0.0125,-0.135,-0.22,-0.255,2019.9729956650124,2019-12-22 03:26:31.291830312,-1.6196661066494096
2024-01-31,0.0025,0.0,0.0025,0.0225,0.05,0.045,0.035,0.03,0.025,2019.9729956650124,2019-12-22 03:26:31.291830312,-1.6196661066494096
2024-03-20,-0.007045455,-0.0025,-0.005,-0.01,-0.025,-0.045,-0.075,-0.08,-0.075,2019.9729956650124,2019-12-22 03:26:31.291830312,-1.6196661066494096
2024-05-01,0.0,0.0,-0.005,-0.005,-0.005,-0.01,-0.03,-0.055,-0.0725,2019.9729956650124,2019-12-22 03:26:31.291830312,-1.6196661066494096
2024-06-12,0.0,0.0,0.005,0.015,0.025,0.0075,0.03,0.06,0.07,2019.9729956650124,2019-12-22 03:26:31.291830312,-1.6196661066494096
2024-07-31,0.0,0.0,0.0,-0.01,-0.025,-0.02,-0.06,-0.075,-0.095,2019.9729956650124,2019-12-22 03:26:31.291830312,-1.6196661066494096
2024-09-18,-0.11875,-0.0475,-0.11,-0.095,-0.09,-0.08,-0.07,-0.045,-0.04,2019.9729956650124,2019-12-22 03:26:31.291830312,-1.6196661066494096
2024-11-07,0.0,0.0,0.0,-0.01,0.01,0.005,0.015,0.02,0.015,2019.9729956650124,2019-12-22 03:26:31.291830312,-1.6196661066494096
2024-12-18,-0.011923077,-0.005,-0.01,0.02,0.03,0.06,0.115,0.15,0.17,2019.9729956650124,2019-12-22 03:26:31.291830312,-1.6196661066494096
2025-01-29,0.005,0.0,0.005,0.01,0.025,0.015,0.01,0.005,-0.005,2019.9729956650124,2019-12-22 03:26:31.291830312,-1.6196661066494096
2025-03-19,0.0,0.0,0.005,-0.01,-0.015,-0.035,-0.075,-0.105,-0.125,2019.9729956650124,2019-12-22 03:26:31.291830312,-1.6196661066494096
2025-05-07,0.0,0.0,0.0025,0.01,0.01,0.0,-0.005,-0.005,-0.015,2019.9729956650124,2019-12-22 03:26:31.291830312,-1.6196661066494096
2025-06-18,0.00625,0.0025,0.005,0.005,0.0,-0.01,-0.025,-0.01,-0.005,2019.9729956650124,2019-12-22 03:26:31.291830312,-1.6196661066494096
2025-07-30,0.005,0.0,0.005,0.02,0.045,0.055,0.08,0.08,0.06,2019.9729956650124,2019-12-22 03:26:31.291830312,-1.6196661066494096
2025-09-17,0.011538462,0.005,0.01,-0.025,-0.025,-0.03,-0.025,-0.015,-0.015,2019.9729956650124,2019-12-22 03:26:31.291830312,-1.6196661066494096
2025-10-29,0.03,0.0,0.03,0.065,0.085,0.11,0.115,0.095,0.08,2019.9729956650124,2019-12-22 03:26:31.291830312,-1.6196661066494096
2025-12-10,-0.003690476,-0.0025,0.0,-0.005,-0.01,-0.0125,-0.035,-0.045,-0.04,2019.9729956650124,2019-12-22 03:26:31.291830312,-1.6196661066494096
