start,date,fomc_latest,Event,FF1,FF2,FF3,FF4,MP1,ED1,ED2,ED3,ED4,TFUT02,TFUT05,TFUT10,TFUT30,SP500,SP500FUT,EUR,FF4_MR
2/4/1988 11:30,2/4/1988,,FOMC Rate Decision (Unscheduled),,,,,,-0.02,-0.02,-0.02,-0.01,,,-0.0091,-0.00333,0.11527,0.25766,,-0.02
2/5/1988 11:30,2/5/1988,,FOMC Rate Decision (Unscheduled),,,,,,0.02,0.01,0.01,0.01,,,0.00449,0.00326,-0.16188,-0.19681,,-0.02
2/11/1988 11:30,2/11/1988,2/11/1988,FOMC Rate Decision (Scheduled),,,,,,0.01,0,-0.01,-0.02,,,0.00452,0.00331,-0.04682,-0.11685,,0
4/4/1988 11:30,4/4/1988,2/11/1988,FOMC Rate Decision (Unscheduled),,,,,,0.02,0.01,0.01,0.01,,,-0.00473,-0.00719,-0.23604,-0.25109,,-0.02
4/5/1988 11:30,4/5/1988,2/11/1988,FOMC Rate Decision (Unscheduled),,,,,,0.03,0.03,0.04,0.03,,,0.00945,0.00717,-0.06204,0,,-0.08
4/6/1988 11:30,4/6/1988,2/11/1988,FOMC Rate Decision (Unscheduled),,,,,,-0.01,-0.02,-0.02,-0.03,,,-0.01417,-0.00715,-0.16636,-0.21229,,0
5/9/1988 11:30,5/9/1988,2/11/1988,FOMC Rate Decision (Unscheduled),,,,,,0.02,0.02,0.03,0.02,,,0.01448,0.00741,-0.0428,0.0194,,-0.00999
5/10/1988 11:30,5/10/1988,2/11/1988,FOMC Rate Decision (Unscheduled),,,,,,0,0.02,0,0,,,0,-0.0037,0.09705,0.0967,,-0.02
5/18/1988 11:30,5/18/1988,5/18/1988,FOMC Rate Decision (Scheduled),,,,,,0.02,0.02,0.01,0.02,,,0.00978,0.01139,-0.15283,-0.13719,,0.01
5/19/1988 11:30,5/19/1988,5/18/1988,FOMC Rate Decision (Scheduled),,,,,,0.01,0.02,0.01,0.02,,,0,0,0.10825,0.22042,,-0.04
5/20/1988 11:30,5/20/1988,5/18/1988,FOMC Rate Decision (Scheduled),,,,,,0,-0.01,0,0.01,,,0,0,0.04753,0.11858,,-0.15
5/25/1988 11:30,5/25/1988,5/18/1988,FOMC Rate Decision (Unscheduled),,,,,,0.03,0.02,0.03,0.02,,,0.0098,0.01144,-0.00393,-0.19589,,-0.1
5/26/1988 11:30,5/26/1988,5/18/1988,FOMC Rate Decision (Unscheduled),,,,,,0.03,0.04,0.01,0.01,,,0.00983,0.01148,-0.13366,-0.27554,,-0.2
6/17/1988 11:30,6/17/1988,5/18/1988,FOMC Rate Decision (Unscheduled),,,,,,0.01,0.03,0.02,,,,0,0.0037,-0.0518,-0.1285,,-0.01
6/20/1988 11:30,6/20/1988,5/18/1988,FOMC Rate Decision (Unscheduled),,,,,,0,-0.02,-0.02,,,,-0.00487,-0.00748,0.04463,0.03689,,-0.04
7/1/1988 11:30,7/1/1988,7/1/1988,FOMC Rate Decision (Scheduled),,,,,,0.01,-0.01,0.01,0.01,,0.00379,0.01426,0.01082,-0.07335,-0.14593,,-0.02
7/19/1988 11:30,7/19/1988,7/1/1988,FOMC Rate Decision (Unscheduled),,,,,,0.03,0.03,0.02,0.01,,0.00768,0.01464,0.00761,-0.28963,-0.40696,,-0.19
7/20/1988 11:30,7/20/1988,7/1/1988,FOMC Rate Decision (Unscheduled),,,,,,0,0.01,0.02,0.02,,0.00768,0.00975,0.0038,0.1301,0,,-0.02
8/9/1988 9:45,8/9/1988,7/1/1988,FOMC Rate Decision (Unscheduled),,,,,,0.11,0.12,0.11,0.11,,0.05003,0.02912,0.0187,-0.61641,-0.38936,,0.01
8/9/1988 11:30,8/9/1988,7/1/1988,FOMC Rate Decision (Unscheduled),,,,,,0.03,0.03,0.01,0.03,,0.00773,0.00976,0.01133,-0.06006,0.03745,,-0.11
8/17/1988 11:30,8/17/1988,8/17/1988,FOMC Rate Decision (Scheduled),,,,,,0,0.03,0.02,0.02,,0.01556,0.01487,0.03109,-0.2335,-0.32514,,0.03
9/21/1988 11:30,9/21/1988,9/21/1988,FOMC Rate Decision (Scheduled),,,,,,-0.01,-0.01,-0.01,-0.01,,-0.01149,-0.00957,-0.01093,0.09642,0.11007,,0
11/2/1988 11:30,11/2/1988,11/2/1988,FOMC Rate Decision (Scheduled),,,,,0.03214,0,0.01,0.01,0.01,,0.00756,0,0.0035,0.10404,0.16073,,0
11/7/1988 11:30,11/7/1988,11/2/1988,FOMC Rate Decision (Unscheduled),,,,,,0.01,0.03,0.03,0.03,,0.00763,0.01428,0.00718,-0.16412,-0.09093,,-0.04
11/8/1988 11:30,11/8/1988,11/2/1988,FOMC Rate Decision (Unscheduled),,,,,,0.02,0.03,0.04,0.03,,0.01526,0.01426,0.02149,-0.07625,-0.09051,,-0.12
12/15/1988 11:30,12/15/1988,12/15/1988,FOMC Rate Decision (Scheduled),,,,,0.01937,0.03,0.06,0.03,0.05,,0.03907,0.039,0.02186,0,-0.23333,,-0.01
1/6/1989 11:30,1/6/1989,12/15/1988,FOMC Rate Decision (Unscheduled),,,,,,0.01,0.01,-0.01,-0.01,,-0.00786,0,-0.00363,-0.03199,-0.08807,,0.01
1/9/1989 11:30,1/9/1989,12/15/1988,FOMC Rate Decision (Unscheduled),,,,,,0,-0.01,-0.02,-0.02,,-0.00785,-0.00489,0,0.00713,0.0353,,-0.25
1/10/1989 11:30,1/10/1989,12/15/1988,FOMC Rate Decision (Unscheduled),,,,,,0.01,0.02,0,0,,0,0,0,0.04637,-0.08841,,0
2/9/1989 11:30,2/9/1989,2/9/1989,FOMC Rate Decision (Scheduled),,,,,0,-0.03,-0.03,-0.03,-0.02,,-0.01169,0,0,0.17763,0.08327,,-0.01
2/14/1989 11:30,2/14/1989,2/9/1989,FOMC Rate Decision (Unscheduled),,,,,0.02,0.03,0.03,0.03,0.03,,0.01569,0.00488,0.00726,-0.01022,-0.15243,,-0.19
2/23/1989 11:30,2/23/1989,2/9/1989,FOMC Rate Decision (Unscheduled),,,,,,0.07,0.07,0.06,0.08,,0.01583,0,-0.00368,0.04134,-0.03431,,0.00999
2/24/1989 9:00,2/24/1989,2/9/1989,FOMC Rate Decision (Unscheduled),,,,,,0.05,0.03,0.06,0.06,,0.03956,0.03949,0.03679,0.03084,0,,-0.3
2/24/1989 11:30,2/24/1989,2/9/1989,FOMC Rate Decision (Unscheduled),,,,,,-0.05,-0.04,-0.04,-0.03,,-0.01981,-0.00495,-0.00739,-0.04164,-0.12099,,0.01
3/29/1989 11:30,3/29/1989,3/29/1989,FOMC Rate Decision (Scheduled),,,,,-0.07,-0.02,-0.01,-0.03,-0.02,,-0.00397,-0.01483,-0.00736,0.0137,0.08447,,0.01
5/17/1989 11:30,5/17/1989,5/17/1989,FOMC Rate Decision (Scheduled),,,,,-0.02214,-0.02,-0.01,-0.01,-0.03,,-0.01154,-0.00473,0,0.01584,0.03149,,0.01
6/6/1989 11:30,6/6/1989,5/17/1989,FOMC Rate Decision (Unscheduled),,,,,-0.0125,-0.03,-0.04,-0.05,-0.04,,-0.01879,-0.01824,-0.01317,0.09882,0.21545,,0
7/7/1989 11:30,7/7/1989,7/7/1989,FOMC Rate Decision (Scheduled),,,,,-0.02583,-0.03,-0.04,-0.05,-0.03,,-0.0294,-0.02667,-0.01567,0.27878,0.41364,,-0.01
7/25/1989 11:30,7/25/1989,7/7/1989,FOMC Rate Decision (Unscheduled),,,,,,-0.03,-0.05,-0.05,-0.03,,-0.02203,-0.00887,-0.00315,0.06848,0.05907,,-0.02
7/26/1989 11:30,7/26/1989,7/7/1989,FOMC Rate Decision (Unscheduled),,,,,-0.01,-0.02,-0.01,-0.02,-0.01,,-0.01466,-0.00443,-0.00627,0.10164,0.07418,,0
7/27/1989 11:30,7/27/1989,7/7/1989,FOMC Rate Decision (Unscheduled),,,,,,-0.01,-0.01,0,-0.02,,0,0.00441,0.00624,0.26775,0.18977,,-0.02
8/23/1989 11:30,8/23/1989,8/23/1989,FOMC Rate Decision (Scheduled),,,,,0,-0.01,-0.02,-0.01,-0.02,,-0.00751,-0.00908,-0.00321,0.09061,-0.04368,,0
10/4/1989 11:30,10/4/1989,10/4/1989,FOMC Rate Decision (Scheduled),,,,,0.03444,0.01,0.01,0,0,,0.0075,0.00453,0.00319,0.07874,0.05565,,0.01
10/16/1989 11:30,10/16/1989,10/4/1989,FOMC Rate Decision (Unscheduled),,,,,-0.20667,0.01,0,0.04,0.03,,0,0.01776,0.01548,0.8095,0.96048,,0.01
10/19/1989 11:30,10/19/1989,10/4/1989,FOMC Rate Decision (Scheduled),,,,,,0.01,0.01,0.01,0.01,,0,-0.00888,-0.0031,0.01446,0.02871,,0
11/7/1989 11:30,11/7/1989,10/4/1989,FOMC Rate Decision (Unscheduled),,,,,-0.10435,-0.07,-0.07,-0.06,-0.05,,-0.04429,-0.03097,-0.0215,0.33369,0.59782,,-0.01
11/8/1989 11:30,11/8/1989,10/4/1989,FOMC Rate Decision (Unscheduled),,,,,,0.01,0.01,0,0,,-0.00367,-0.0044,0,0.02072,-0.05885,,0
11/9/1989 11:30,11/9/1989,10/4/1989,FOMC Rate Decision (Unscheduled),,,,,,0.04,0.04,0.03,0.02,,0.02567,0.01755,0.01828,-0.16261,-0.30871,,0
11/15/1989 11:30,11/15/1989,11/15/1989,FOMC Rate Decision (Scheduled),,,,,-0.02,0.01,0.01,0.01,0,,0.01098,0.00877,0.00913,-0.04727,-0.10283,,0.12
12/20/1989 11:30,12/20/1989,12/20/1989,FOMC Rate Decision (Scheduled),,,,,-0.16909,-0.04,-0.03,-0.03,-0.02,,-0.0073,0,0.00302,0.3031,0.15819,,0.05
2/8/1990 11:30,2/8/1990,2/8/1990,FOMC Rate Decision (Scheduled),-0.01,-0.01,-0.02,-0.02,-0.014,0.01,0.02,0,0.01,,0.01134,0.01382,0.01331,-0.1519,-0.28154,,0
3/28/1990 11:30,3/28/1990,3/28/1990,FOMC Rate Decision (Scheduled),0,0,-0.01,-0.02,0,-0.01,-0.03,-0.03,-0.03,,-0.01142,-0.00464,-0.01007,-0.17591,-0.10154,,0
5/16/1990 11:30,5/16/1990,5/16/1990,FOMC Rate Decision (Scheduled),0,0.01,0,0,0,-0.01,-0.02,-0.01,-0.02,,-0.01145,-0.00938,-0.01028,0.05109,0.25427,,-0.03
7/5/1990 11:30,7/5/1990,7/5/1990,FOMC Rate Decision (Scheduled),0,-0.01,0,-0.02,0,0.01,0.01,0.01,0.01,,0.01129,0.00458,0.00661,-0.00841,-0.04165,,0.08
7/13/1990 11:30,7/13/1990,7/5/1990,FOMC Rate Decision (Unscheduled),-0.07999,-0.06,-0.08,-0.08,-0.13777,-0.03,-0.04,-0.04,-0.03,,-0.01884,0.00461,0.00334,0.0407,-0.10744,,-0.05
8/22/1990 11:30,8/22/1990,8/22/1990,FOMC Rate Decision (Scheduled),0,0.01,0,0,0,0.01,0,0,0,,-0.00761,-0.00952,-0.01441,0.19733,0.07786,,0
10/3/1990 11:30,10/3/1990,10/3/1990,FOMC Rate Decision (Scheduled),0.01,-0.01,-0.04,-0.00999,0.01107,-0.01,0,-0.01,0,,-0.00753,-0.01407,-0.01058,-0.1207,0,,0.02
10/29/1990 11:30,10/29/1990,10/3/1990,FOMC Rate Decision (Unscheduled),-0.02,-0.03,-0.01,-0.02,-0.03,0.01,0,0.01,0,,0.00749,0.01398,0.01045,-0.52277,-0.53637,,0
11/14/1990 11:30,11/14/1990,11/14/1990,FOMC Rate Decision (Scheduled),0.01,0.02,0.02,0.01,0.01875,0.01,0.01,-0.01,-0.01,,0.00742,0.00914,0.0067,-0.01568,-0.07803,,-0.15
12/7/1990 11:30,12/7/1990,11/14/1990,FOMC Rate Decision (Unscheduled),-0.07,-0.01,-0.02,-0.04,-0.09042,-0.03,-0.02,-0.02,-0.03,,-0.01464,-0.00893,-0.0064,0.08546,0.16721,,0
12/18/1990 15:30,12/18/1990,12/18/1990,FOMC Rate Decision (Scheduled),-0.09,-0.19,-0.09,-0.15,-0.21462,-0.14,-0.11,-0.09,0.02,,-0.08395,-0.04886,-0.04126,0.71884,0.95045,,0.03
1/8/1991 11:30,1/8/1991,12/19/1990,FOMC Rate Decision (Unscheduled),-0.1,-0.11,-0.06001,-0.1,-0.13478,-0.12,-0.12,-0.09,-0.1,-0.02449,-0.05144,-0.06304,-0.04586,0.36169,0.48769,,0
2/1/1991 9:15,2/1/1991,12/19/1990,FOMC Rate Decision (Unscheduled),,,,-0.2,,,,,,,,,,,,,-0.05
2/7/1991 11:30,2/7/1991,2/7/1991,FOMC Rate Decision (Scheduled),0,-0.01,-0.02,-0.01,0,0,-0.01,0,-0.01,0,0,0,0.00936,-0.22618,0,,-0.02
3/8/1991 11:30,3/8/1991,2/7/1991,FOMC Rate Decision (Unscheduled),-0.02,-0.07,-0.06,-0.04,-0.02695,-0.06,-0.09,-0.06,-0.05,0.0049,-0.03319,-0.02706,-0.01636,0.48314,0.18428,,0.00999
3/27/1991 11:30,3/27/1991,3/27/1991,FOMC Rate Decision (Scheduled),0,-0.02,0.01,-0.02,-0.02,-0.01,-0.02,-0.02,-0.09,0,-0.0037,-0.00905,-0.00656,0.12454,0.22335,,0
4/30/1991 9:30,4/30/1991,3/27/1991,FOMC Rate Decision (Unscheduled),,,,-0.19,,,,,,,,,,,,,-0.03
5/15/1991 11:30,5/15/1991,5/15/1991,FOMC Rate Decision (Scheduled),0.01,0,0,-0.02,0.01938,0,0,0.01,0.01,-0.00325,0.00368,0.00901,0.00983,-0.24255,-0.08057,,0
7/5/1991 11:30,7/5/1991,7/4/1991,FOMC Rate Decision (Scheduled),0,-0.01,0.01,0.01,0,0.02,0.02,0.02,0,0.01639,0.0149,0.02292,0.02699,-0.00533,-0.10592,,-0.13
8/6/1991 11:30,8/6/1991,7/4/1991,FOMC Rate Decision (Unscheduled),-0.15,-0.10001,-0.07,-0.11,-0.186,-0.12,-0.12,-0.11,-0.1,-0.02429,-0.05111,-0.03111,-0.02244,0.36092,0.60759,,-0.01
8/21/1991 11:30,8/21/1991,8/21/1991,FOMC Rate Decision (Scheduled),0.04,0.03,0.04,0.03,0.124,0,0.03,0.03,0.03,0.00483,0.0036,0,0.00314,0.12205,0.01296,,-0.01
9/13/1991 9:10,9/13/1991,8/21/1991,FOMC Rate Decision (Unscheduled),-0.03,0.00999,0,0,-0.05294,-0.01,0,0.01,0,0.02097,0.00359,-0.00433,0.00307,0.11105,-0.12814,,0
10/2/1991 11:30,10/2/1991,10/2/1991,FOMC Rate Decision (Scheduled),-0.01,0.01,0,0,-0.01069,0,0,0.01,0,0,0,0.00429,0,-0.04619,-0.06377,,0.04
10/30/1991 11:30,10/30/1991,10/2/1991,FOMC Rate Decision (Unscheduled),-0.02,-0.03001,-0.03,-0.04,-0.03001,-0.01,-0.01,-0.01,0,0.01118,-0.00706,0.00427,-0.00304,0.02805,0,,-0.09
11/6/1991 8:45,11/6/1991,11/6/1991,FOMC Rate Decision (Scheduled),-0.08,-0.12,-0.09,-0.12,-0.1,-0.08,-0.09,-0.09,-0.09,0.00797,-0.05295,-0.03855,-0.03391,0.06689,-0.11554,,-0.02
12/6/1991 11:30,12/6/1991,11/6/1991,FOMC Rate Decision (Unscheduled),0,-0.09,-0.02,-0.01,0,0.01,0.01,0.01,0.03,0.01268,0.00695,0.00841,0.00898,0.0237,0.01315,,0.01
12/18/1991 11:30,12/18/1991,12/18/1991,FOMC Rate Decision (Scheduled),0.02,0.02,0,0.01,0.04769,0,0.01,0.01,0.07,0.03162,0.00348,0,-0.00298,0.00262,0.03908,,0
12/20/1991 8:30,12/20/1991,12/18/1991,FOMC Rate Decision (Unscheduled),-0.13448,-0.28966,-0.25862,-0.25862,-0.37898,-0.3,-0.3,-0.25,-0.23793,-0.18131,-0.12449,-0.09564,-0.04694,0.31868,1.02194,,0
2/6/1992 11:30,2/6/1992,2/6/1992,FOMC Rate Decision (Scheduled),0.01,0.01,-0.02,0,0.01261,-0.01,0,0.01,0,0.01263,0.00349,-0.00418,-0.00297,0.03621,0,,-0.01
4/1/1992 11:30,4/1/1992,4/1/1992,FOMC Rate Decision (Scheduled),0.01,-0.00999,0.06,-0.01,0.01035,0.01,0,0,0.02,0.0048,-0.00356,0,-0.00614,-0.14205,-0.07467,,0
4/9/1992 11:30,4/9/1992,4/1/1992,FOMC Rate Decision (Unscheduled),-0.15,-0.2,-0.17001,-0.19,-0.21429,-0.22,-0.25,-0.24,-0.24,-0.1508,-0.09875,-0.04273,-0.03047,0.75332,0.86548,,0
5/20/1992 11:30,5/20/1992,5/20/1992,FOMC Rate Decision (Scheduled),0,0.02,0.03,0.00999,0,0.02,0.02,0.01,0.01,0.03151,0.00348,-0.00419,-0.0149,-0.04802,-0.024,,-0.01
7/2/1992 9:15,7/2/1992,7/2/1992,FOMC Rate Decision (Scheduled),-0.08,-0.09,-0.1,-0.3,-0.08552,0,0.02,0.04,0.04,0.0235,0.02056,0.02473,0.00878,0.22288,-0.03629,,0.00999
8/19/1992 11:30,8/19/1992,8/19/1992,FOMC Rate Decision (Scheduled),0.01,0.01,0.01,0.01,0.02583,-0.01,0.01,-0.01,-0.01,0.01858,0,0,0,0.02617,0.02379,,0.01
9/4/1992 11:30,9/4/1992,8/19/1992,FOMC Rate Decision (Unscheduled),0,0,-0.01,0.01,0,-0.02,-0.01,0,-0.02,-0.00311,0.00334,0.0119,0.01945,-0.00719,0,,0.07
10/7/1992 11:30,10/7/1992,10/7/1992,FOMC Rate Decision (Scheduled),0,0.00999,0.00999,0.01,0,0,0,0,0,0.02324,0.01002,0,-0.00571,-0.19372,-0.07365,,-0.25
11/18/1992 11:30,11/18/1992,11/18/1992,FOMC Rate Decision (Scheduled),-0.02,-0.01,0.01,0,-0.04999,0,-0.01,0,0.01,0.01566,0,0.00407,0.00287,0.19022,0.35591,,0
12/23/1992 11:30,12/23/1992,12/23/1992,FOMC Rate Decision (Scheduled),0.00999,0,-0.02,-0.01,0.03873,-0.01,-0.01,-0.01,-0.04,0,-0.00343,0,0,-0.07718,-0.1019,,0
2/4/1993 11:30,2/4/1993,2/4/1993,FOMC Rate Decision (Scheduled),0,-0.02,-0.04,-0.02,0,0,-0.01,0,0,0,0.00669,0.00394,0,-0.05131,-0.07802,,0
3/24/1993 11:30,3/24/1993,3/24/1993,FOMC Rate Decision (Scheduled),-0.01,0,0.01,0,0,0,0,0,0.04,0.01239,0.0033,0.00772,0.00523,-0.0844,-0.14413,,-0.02
5/19/1993 11:30,5/19/1993,5/19/1993,FOMC Rate Decision (Scheduled),-0.01,-0.02,-0.02,-0.02,-0.02583,0,-0.01,-0.02,-0.03,-0.02011,-0.01319,-0.01545,-0.01857,0.16628,0.19366,,0.04
7/8/1993 11:30,7/8/1993,7/8/1993,FOMC Rate Decision (Scheduled),0.02,0,0,0,0.02696,0,-0.01,0,0,-0.0155,-0.00328,-0.00759,-0.00253,0.31433,0.23544,,-0.07
8/18/1993 11:30,8/18/1993,8/18/1993,FOMC Rate Decision (Scheduled),0,0.02,0.01,0.01,0,0.01,0,0,0,0.01546,0.00654,0.0113,0.00245,-0.05693,-0.09854,,0.015
9/22/1993 11:30,9/22/1993,9/22/1993,FOMC Rate Decision (Scheduled),0,0,0.01,0.01,0,0,0.01,0.01,-0.02,0.01547,0.0065,0.00747,0.00962,0.0022,-0.01097,,0.04
11/17/1993 11:30,11/17/1993,11/17/1993,FOMC Rate Decision (Scheduled),0.01,0,0.01,0,0.02308,-0.01,-0.01,-0.01,0,0.00465,-0.00977,-0.01498,-0.00723,0.04721,-0.08583,,0.06001
12/22/1993 11:30,12/22/1993,12/22/1993,FOMC Rate Decision (Scheduled),0,-0.01,-0.01,-0.01,0,0,0,0,-0.08,0,0,0,0.00497,0.01719,-0.03212,,-0.005
2/4/1994 11:05,2/4/1994,2/4/1994,FOMC Rate Decision (Scheduled),0.14,0.10001,0.08,0,0.16333,0.13,0.15,0.14,0.15,0.14319,0.12186,0.0684,0.03211,-0.64105,-0.7626,,0.005
3/22/1994 14:20,3/22/1994,3/22/1994,FOMC Rate Decision (Scheduled),0,-0.04,-0.04,0,-0.00001,-0.05,-0.05,-0.03,-0.05,-0.03486,-0.06157,-0.04815,-0.04026,0.29613,0.28682,,-0.00999
4/18/1994 10:06,4/18/1994,3/22/1994,FOMC Rate Decision (Unscheduled),0.06001,0.08,0.09,0.12,0.15001,0.07,0.09,0.09,0.12,0.06863,0.07701,0.0541,0.03442,-0.68128,-0.78502,,0.07
5/17/1994 14:26,5/17/1994,5/17/1994,FOMC Rate Decision (Scheduled),0.05,0.05,-0.02,0.05,0.11072,-0.02,-0.06,-0.06,-0.08,-0.06731,-0.09142,-0.07918,-0.08254,0.52219,0.52646,,-0.01501
7/6/1994 14:18,7/6/1994,7/6/1994,FOMC Rate Decision (Scheduled),-0.04,0,0,0,-0.0496,-0.02,-0.01,-0.01,-0.01,0.00322,0.00356,0.01275,0.01784,-0.22844,-0.07824,,0.005
8/16/1994 13:18,8/16/1994,8/16/1994,FOMC Rate Decision (Scheduled),0.06,0.09,0,0,0.12399,0.08,0.04,0.01,0.01,-0.00483,-0.02475,-0.03347,-0.0462,0.25704,0.1836,,0.025
9/27/1994 14:18,9/27/1994,9/27/1994,FOMC Rate Decision (Scheduled),-0.02,-0.09,-0.05,-0.03,-0.09,-0.02,-0.02,-0.01,0,0.00487,0.02886,0.02604,0.03703,-0.17136,-0.26979,,0
11/15/1994 14:20,11/15/1994,11/15/1994,FOMC Rate Decision (Scheduled),0.06,0.08,0.05,0.08,0.12,0.04,0.03,0.03,0.03,0.00816,-0.00732,-0.01325,-0.03146,-0.44889,-0.91315,,-0.005
12/20/1994 14:17,12/20/1994,12/20/1994,FOMC Rate Decision (Scheduled),-0.08,-0.14,-0.05,-0.05,-0.22546,-0.07,-0.01,0.01,0.02,0.01157,0.00369,0.00882,0.00913,0.10486,0,,-0.15
2/1/1995 14:15,2/1/1995,2/1/1995,FOMC Rate Decision (Scheduled),0.06001,0.03,0.03999,0,0.06223,0.06,0.07,0.06,0.05,0.05245,0.03646,0.02165,0.02082,-0.25438,-0.17962,,0.03001
3/28/1995 14:15,3/28/1995,3/28/1995,FOMC Rate Decision (Scheduled),0.01,-0.01,0.01,0.02,-0.01,0.02,0.02,0.02,0.02,0.01299,0.01427,0.00839,0.00859,-0.15511,-0.08885,,-0.075
5/23/1995 14:15,5/23/1995,5/23/1995,FOMC Rate Decision (Scheduled),0,0.02,0,0,0.00001,-0.01,-0.02,-0.01,-0.01,0.00802,0.00694,0.00401,0.00526,-0.04189,0,,-0.37
7/6/1995 14:15,7/6/1995,7/6/1995,FOMC Rate Decision (Scheduled),-0.09,-0.11,0,-0.15,-0.1116,-0.18,-0.26,-0.25,-0.25,-0.19909,-0.17063,-0.13282,-0.10505,0.2993,0.33528,,-0.14
8/22/1995 14:15,8/22/1995,8/22/1995,FOMC Rate Decision (Scheduled),0.01,0.03001,0.01,0,0.03443,0.05,0.05,0.06,0.04,0.03206,0.03125,0.02409,0.02638,-0.18269,-0.17867,,0.075
9/26/1995 14:15,9/26/1995,9/26/1995,FOMC Rate Decision (Scheduled),0,0.03001,0.03,0.03,0.03001,0.07,0.07,0.08,0.05,0.04793,0.04122,0.03557,0.02292,-0.16138,-0.28127,,-0.02
11/15/1995 14:15,11/15/1995,11/15/1995,FOMC Rate Decision (Scheduled),0.02,0.02,0.03,0,0.03999,0.04,0.03,0.02,0.02,0.0238,0.02027,0.01543,0.00726,-0.06111,-0.05076,,-0.045
12/19/1995 14:15,12/19/1995,12/19/1995,FOMC Rate Decision (Scheduled),-0.035,-0.07,-0.06,-0.05,-0.09041,-0.05,-0.03,-0.03,-0.04,-0.04431,-0.02348,-0.02668,-0.01901,0.25709,0.26922,,-0.04
1/31/1996 14:15,1/31/1996,1/31/1996,FOMC Rate Decision (Scheduled),0,-0.03,-0.01,-0.02,-0.03,-0.02,-0.03,-0.04,-0.04,-0.04241,-0.03308,-0.01869,-0.00695,0.05541,0.05523,,-0.14
3/26/1996 11:39,3/26/1996,3/26/1996,FOMC Rate Decision (Scheduled),0,0.02,0.01,-0.01,0.02,0.02,0.02,0.03,,0.03189,0.01714,0.01582,0.01283,0.15989,0.09139,,-0.03
5/21/1996 14:15,5/21/1996,5/21/1996,FOMC Rate Decision (Scheduled),0.005,-0.005,0.01,0.01,0.0155,0,0.01,0.01,0.03,0.01281,0.01734,0.01211,0.01593,-0.19289,-0.2515,,0.02
7/3/1996 14:15,7/3/1996,7/3/1996,FOMC Rate Decision (Scheduled),-0.055,-0.04,-0.04,-0.03,-0.06089,-0.06,-0.02,-0.02,-0.01,-0.02413,-0.01048,-0.00407,0.00268,0.1534,0.05908,,-0.045
8/20/1996 14:15,8/20/1996,8/20/1996,FOMC Rate Decision (Scheduled),-0.01,-0.01,0,0.005,-0.02818,-0.01,0,0.01,0,0.0048,0.00692,0.01199,0.01047,-0.1306,-0.05991,,-0.02
9/24/1996 14:15,9/24/1996,9/24/1996,FOMC Rate Decision (Scheduled),-0.025,-0.13,-0.13,-0.12,-0.13,-0.1,-0.09,-0.08,,-0.05631,-0.05247,-0.02853,-0.01618,0.00873,-0.06494,,-0.01
11/13/1996 14:15,11/13/1996,11/13/1996,FOMC Rate Decision (Scheduled),0,0,0,-0.01,0,-0.02,-0.01,-0.01,-0.03,-0.01115,-0.01365,-0.01174,-0.01998,0.25457,0.28636,,-0.04
12/17/1996 14:15,12/17/1996,12/17/1996,FOMC Rate Decision (Scheduled),0,0.01,0,-0.01,0,-0.01,0,0,,0.02398,0.00345,0.00794,0.00256,-0.06073,-0.16391,,-0.005
2/5/1997 14:15,2/5/1997,2/5/1997,FOMC Rate Decision (Scheduled),-0.025,0,-0.01,0,-0.03043,-0.01,0,0.01,0.03,0.01278,0.01723,0.01587,0.02317,-0.30367,-0.35273,,-0.085
3/25/1997 14:15,3/25/1997,3/25/1997,FOMC Rate Decision (Scheduled),0.0175,0.05,0.035,0.05,0.05,0.045,0.06,0.06,,0.07258,0.0526,0.04082,0.04016,-0.45395,-0.49969,,0.01
5/20/1997 14:15,5/20/1997,5/20/1997,FOMC Rate Decision (Scheduled),-0.035,-0.09,-0.06,-0.09,-0.09864,-0.07,-0.055,-0.045,-0.045,-0.03699,-0.02096,-0.01217,0.00265,0.48372,0.41779,,0.03
7/2/1997 14:15,7/2/1997,7/2/1997,FOMC Rate Decision (Scheduled),-0.025,-0.015,-0.02,-0.02,-0.02672,-0.01,0,-0.005,0,-0.01283,-0.00693,-0.004,-0.00774,0.1788,0.19931,,-0.02
8/19/1997 14:15,8/19/1997,8/19/1997,FOMC Rate Decision (Scheduled),0,0,0.005,0,0,0,0,0.015,0.01,0.00798,0.01372,0.01184,0.01506,-0.37221,-0.48649,,-0.04
9/30/1997 14:13,9/30/1997,9/30/1997,FOMC Rate Decision (Scheduled),-0.005,-0.01,0,-0.015,-0.01,-0.005,-0.01,0.005,,-0.00479,0.00342,0.00786,0.00743,-0.19196,-0.25975,,0.105
11/12/1997 14:12,11/12/1997,11/12/1997,FOMC Rate Decision (Scheduled),-0.03,-0.03,-0.025,-0.02,-0.05,-0.03,-0.025,-0.03,-0.03,-0.01594,-0.02382,-0.01551,-0.01678,-0.3511,-0.49957,,0
12/16/1997 14:15,12/16/1997,12/16/1997,FOMC Rate Decision (Scheduled),0,0,0,0,0,-0.005,-0.01,-0.005,,-0.00796,-0.00339,-0.00385,-0.00468,-0.08456,-0.17323,,0
2/4/1998 14:12,2/4/1998,2/4/1998,FOMC Rate Decision (Scheduled),0.03,0.005,0.005,0.01,0.035,0.01,0.015,0.015,0.025,0.01266,0.01,0.00757,0.0023,-0.19164,-0.30652,,-0.01
3/31/1998 14:12,3/31/1998,3/31/1998,FOMC Rate Decision (Scheduled),-0.005,-0.005,-0.01,-0.005,-0.005,0,-0.005,0.005,,0,0,0.00384,0.00467,-0.13567,-0.05374,,0.005
5/19/1998 14:15,5/19/1998,5/19/1998,FOMC Rate Decision (Scheduled),-0.015,-0.03,-0.02,-0.02,-0.03875,-0.03,-0.01,-0.01,-0.01,-0.0159,-0.01012,-0.00383,0,-0.12953,-0.24192,0.22619,0.005
7/1/1998 14:15,7/1/1998,7/1/1998,FOMC Rate Decision (Scheduled),0.01,-0.02,-0.035,0.00999,0.01033,0.005,0,0.005,0.005,0.00476,0.00334,0,0,0.02716,0.08682,-0.21109,-0.005
8/18/1998 14:12,8/18/1998,8/18/1998,FOMC Rate Decision (Scheduled),0.005,-0.005,0.01,0.02,0.01192,0,0,0,0,-0.00476,0,0,0,0.04839,0.15457,0,-0.005
9/29/1998 14:15,9/29/1998,9/29/1998,FOMC Rate Decision (Scheduled),-0.0025,0.06,0.06,0.07,0.06,0.05,0.01,0.015,,0.0078,0.0032,-0.00353,-0.01051,-0.6975,-1.01389,0.08927,-0.01
10/15/1998 15:15,10/15/1998,9/29/1998,FOMC Rate Decision (Unscheduled),-0.085,-0.185,-0.14,-0.15,-0.16469,-0.235,-0.27,-0.275,-0.275,-0.217,-0.18722,-0.11969,-0.05084,2.09497,2.12158,0,0.03999
11/17/1998 14:15,11/17/1998,11/17/1998,FOMC Rate Decision (Scheduled),-0.03,-0.03,-0.05,-0.04,-0.06923,-0.035,-0.03,0.005,0,0.02657,-0.00323,-0.00359,-0.00432,0.63962,0.59618,0.10168,-0.01
12/22/1998 14:15,12/22/1998,12/22/1998,FOMC Rate Decision (Scheduled),-0.01,0,0,0.01,-0.03444,0.01,-0.01,-0.01,,0,0.00322,0.00357,-0.00644,-0.1237,-0.13973,0.00426,-0.00999
2/3/1999 14:15,2/3/1999,2/3/1999,FOMC Rate Decision (Scheduled),0.005,-0.02,0.01,0.01,0.0056,-0.005,0.01,0.01,0.005,0.01567,0.013,0.01447,0.01535,0.17015,0.19604,0.00884,-0.005
3/30/1999 14:15,3/30/1999,3/30/1999,FOMC Rate Decision (Scheduled),0,-0.005,-0.01,-0.02,-0.005,-0.02,-0.02,-0.025,,-0.03939,-0.01314,-0.00747,-0.00465,-0.16838,-0.17466,0.00933,0
5/18/1999 14:15,5/18/1999,5/18/1999,FOMC Rate Decision (Scheduled),-0.01,-0.015,0.03,0.04,-0.02385,0.015,0.11,0.145,0.155,0.10771,0.11032,0.08806,0.07223,-1.38561,-1.45661,0.10758,0.01
6/30/1999 14:15,6/30/1999,6/30/1999,FOMC Rate Decision (Scheduled),-0.005,-0.05,-0.06,-0.07,-0.05,-0.08,-0.1,-0.1,,-0.09249,-0.11855,-0.06651,-0.0445,1.60132,1.72134,0.34882,0.01
8/24/1999 14:15,8/24/1999,8/24/1999,FOMC Rate Decision (Scheduled),0.015,0.0425,0.01,0.025,0.0425,0.02,0,0,-0.02,0,-0.01685,-0.0117,-0.00741,0.59237,0.60613,-0.30949,0.015
10/5/1999 14:15,10/5/1999,10/5/1999,FOMC Rate Decision (Scheduled),-0.04,-0.025,0,0.04,-0.04769,0.035,0.07,0.095,0.1,0.07665,0.08506,0.05934,0.0561,-0.81193,-0.87072,0.3223,-0.01
11/16/1999 14:15,11/16/1999,11/16/1999,FOMC Rate Decision (Scheduled),0.035,0.085,0.085,0.055,0.075,0.05,0.075,0.07,0.06,0.07984,0.05086,0.03523,0.03234,-0.32364,-0.35336,0.09698,0.03
12/21/1999 14:15,12/21/1999,12/21/1999,FOMC Rate Decision (Scheduled),0.005,-0.01,0,-0.005,0.0155,0.01,0.05,0.04,,0.0416,0.03362,0.03824,0.05073,0.48527,0.44944,0.02478,0
2/2/2000 14:15,2/2/2000,2/2/2000,FOMC Rate Decision (Scheduled),-0.055,-0.04,-0.015,0.01,-0.05907,-0.02,-0.005,0,0.015,0.03642,0.04045,0.03456,0.00288,-0.3357,-0.31707,0.05623,-0.005
3/21/2000 14:15,3/21/2000,3/21/2000,FOMC Rate Decision (Scheduled),-0.01,-0.025,0,-0.01,-0.031,-0.005,-0.005,0.005,,0.01156,0.01455,-0.00422,-0.01102,-0.03942,0.10062,0.07769,0.025
5/16/2000 14:15,5/16/2000,5/16/2000,FOMC Rate Decision (Scheduled),0.02,0.05,0.05,0.055,0.04133,0.06,0.055,0.05,0.045,0.0498,0.05149,0.02574,0.00283,-0.64349,-0.68027,0.11041,0.03
6/28/2000 14:15,6/28/2000,6/28/2000,FOMC Rate Decision (Scheduled),0,-0.02,-0.02,-0.015,-0.02,-0.025,-0.03,-0.035,,-0.04125,-0.02169,-0.01046,-0.00827,0.26977,0.26972,0.11646,0.035
8/22/2000 14:15,8/22/2000,8/22/2000,FOMC Rate Decision (Scheduled),0.005,-0.005,0,0.11,0.01722,0,0.015,0.02,0.02,0.00328,0.01072,0.00819,0.01051,-0.15955,-0.17883,0.06682,-0.025
10/3/2000 14:15,10/3/2000,10/3/2000,FOMC Rate Decision (Scheduled),0,0,0.0075,0.02,0,0.02,0.035,0.045,0.05,0.04082,0.04247,0.03059,0.01081,-0.22039,-0.27211,-0.25147,-0.035
11/15/2000 14:15,11/15/2000,11/15/2000,FOMC Rate Decision (Scheduled),-0.005,0,0.005,0.0025,-0.01,0,0.01,0.01,0,0,-0.01409,-0.01207,-0.02352,-0.6872,-0.78769,-0.11673,0
12/19/2000 14:15,12/19/2000,12/19/2000,FOMC Rate Decision (Scheduled),0.025,0.04,0.015,0.005,0.06458,0.03,0.02,0.01,,0.01611,0.01721,0.01551,0.02231,-0.56081,-0.58845,0.1122,-0.005
1/3/2001 13:15,1/3/2001,12/19/2000,FOMC Rate Decision (Unscheduled),-0.35,-0.185,-0.155,-0.17,-0.3875,-0.12,-0.135,-0.09,-0.06,0.024,0.07157,0.07263,0.08062,4.51038,4.55309,-0.42445,-0.005
1/31/2001 14:15,1/31/2001,1/31/2001,FOMC Rate Decision (Scheduled),0,0.03,0.03,0.01,0.03,0.03,-0.005,-0.03,-0.045,0.00798,0.00682,0.0077,0.00499,-0.51737,-0.43447,0.20371,-0.005
3/20/2001 14:15,3/20/2001,3/20/2001,FOMC Rate Decision (Scheduled),0.02,0.025,-0.005,-0.07,0.05636,-0.04,-0.065,-0.08,,-0.05551,-0.03354,-0.01893,-0.01209,-0.60045,-0.59072,0,-0.01501
4/18/2001 10:55,4/18/2001,3/20/2001,FOMC Rate Decision (Unscheduled),-0.185,0.505,-0.445,-0.44,-0.4625,-0.35,-0.305,-0.325,-0.24,-0.15427,-0.12903,-0.04274,-0.00773,2.32456,2.41875,0.99972,0.005
5/15/2001 14:15,5/15/2001,5/15/2001,FOMC Rate Decision (Scheduled),-0.05,-0.085,-0.12,-0.12,-0.09687,-0.1,-0.135,-0.13,-0.15,-0.08732,-0.06154,-0.02751,0.01324,0.37291,0.45467,-0.13657,0
6/27/2001 14:12,6/27/2001,6/27/2001,FOMC Rate Decision (Scheduled),0.015,0.1,0.085,0.075,0.1,0.07,0.07,0.075,,0.06336,0.02724,0.00971,0.00256,-0.52379,-0.45091,-0.08123,0
8/21/2001 14:15,8/21/2001,8/21/2001,FOMC Rate Decision (Scheduled),0.015,0.0125,-0.02,0.015,0.0465,-0.01,-0.045,-0.045,-0.04,-0.02359,-0.0134,0,0,-0.6934,-0.73012,0.69416,0.015
9/17/2001 0:00,9/17/2001,8/21/2001,FOMC Rate Decision (Unscheduled),,,,-0.045,0.00928,,,,,,,,,,,,-0.04
10/2/2001 14:15,10/2/2001,10/2/2001,FOMC Rate Decision (Scheduled),-0.03,-0.045,-0.045,-0.04,-0.03207,-0.06,-0.06,-0.06,-0.07,-0.03873,-0.02284,0.00184,0.01205,-0.35196,-0.33565,0.15812,-0.17
11/6/2001 14:20,11/6/2001,11/6/2001,FOMC Rate Decision (Scheduled),-0.11,-0.135,-0.135,-0.145,-0.1375,-0.16,-0.15,-0.16,-0.17,-0.09222,-0.06753,-0.03594,0.00459,0.6426,0.60846,-0.06681,0.03
12/11/2001 14:14,12/11/2001,12/11/2001,FOMC Rate Decision (Scheduled),-0.005,0,-0.03,-0.035,-0.00775,-0.01,-0.06,-0.1,-0.1,-0.07028,-0.0603,-0.03848,-0.0207,0.26526,0.32276,0.08417,0.03
1/30/2002 14:15,1/30/2002,1/30/2002,FOMC Rate Decision (Scheduled),0,0.0175,0.02,0.025,0.0175,0.02,0.03,0.03,0.03,0.00777,-0.00332,-0.00759,-0.01006,-0.03735,-0.02733,-0.04636,-0.125
3/19/2002 14:15,3/19/2002,3/19/2002,FOMC Rate Decision (Scheduled),-0.0125,-0.02,-0.035,-0.04,-0.03229,-0.05,-0.08,-0.08,,-0.0505,-0.05441,-0.03928,-0.02378,-0.33914,-0.38345,0.06804,-0.13
5/7/2002 14:15,5/7/2002,5/7/2002,FOMC Rate Decision (Scheduled),0.005,0.0075,0,-0.02,0.00646,-0.02,-0.03,-0.04,-0.06,-0.02801,-0.01995,-0.01526,-0.01521,-0.29932,-0.31254,0.12575,0.115
6/26/2002 14:15,6/26/2002,6/26/2002,FOMC Rate Decision (Scheduled),-0.0025,0.005,0.005,0,0.005,0.02,0.01,0.01,,0,0.00982,0.0093,0.00248,-0.48238,-0.52165,0.16194,0.075
8/13/2002 14:15,8/13/2002,8/13/2002,FOMC Rate Decision (Scheduled),0.02,0.025,-0.015,-0.04,0.03444,-0.02,-0.07,-0.16,-0.2,-0.09914,-0.06299,-0.05655,-0.03937,-0.60374,-0.6289,0.10194,-0.075
9/24/2002 14:15,9/24/2002,9/24/2002,FOMC Rate Decision (Scheduled),0.0125,0.02,0.005,-0.005,0.02,0,-0.02,-0.03,,-0.01521,-0.02473,-0.01721,-0.00438,-1.01173,-1.00711,0.17331,0.015
11/6/2002 14:14,11/6/2002,11/6/2002,FOMC Rate Decision (Scheduled),-0.165,-0.135,-0.1075,-0.075,-0.20625,-0.08,-0.06,-0.06,-0.07,-0.04552,-0.06226,-0.03672,-0.03229,-0.53662,-0.52695,0.47525,-0.03
12/10/2002 14:15,12/10/2002,12/10/2002,FOMC Rate Decision (Scheduled),0,0,0.0075,0.005,0,0,0.01,0.03,0.035,0.01526,0.01264,0.01063,0.00921,-0.2987,-0.27761,0.03964,0.12
1/29/2003 14:16,1/29/2003,1/29/2003,FOMC Rate Decision (Scheduled),0,0.0075,0.015,0.025,0.0075,0.03,0.04,0.055,0.05,0.04548,0.04702,0.02981,0.03872,0.15934,0.17467,-0.08307,-0.00999
3/18/2003 14:15,3/18/2003,3/18/2003,FOMC Rate Decision (Scheduled),0.01,0.0125,-0.005,-0.0075,0.02385,0.01,0,0.005,,-0.01519,-0.0125,-0.01744,-0.00896,-0.43291,-0.46485,0.04236,-0.05
5/6/2003 14:13,5/6/2003,5/6/2003,FOMC Rate Decision (Scheduled),0.0125,0.015,-0.025,-0.05,0.0155,-0.03,-0.08,-0.115,-0.15,-0.09818,-0.08047,-0.04842,-0.0286,0.12916,0.12818,0.25921,-0.005
6/25/2003 14:15,6/25/2003,6/25/2003,FOMC Rate Decision (Scheduled),0.025,0.1325,0.115,0.105,0.1325,0.115,0.11,0.13,,0.07214,0.05147,0.0333,0.0062,-0.20488,-0.18285,-0.22882,-0.18501
8/12/2003 14:15,8/12/2003,8/12/2003,FOMC Rate Decision (Scheduled),0.0025,0.0025,-0.0025,-0.005,0.00408,-0.01,-0.015,-0.045,-0.08,-0.04552,-0.05025,-0.03744,-0.02154,-0.07643,-0.051,0.16793,0
9/16/2003 14:19,9/16/2003,9/16/2003,FOMC Rate Decision (Scheduled),-0.0025,0,0.0025,-0.0025,-0.00536,0,-0.005,0.005,0,-0.01138,-0.01574,-0.0107,-0.00714,0.09982,0.10783,0.0358,-0.01
10/28/2003 14:15,10/28/2003,10/28/2003,FOMC Rate Decision (Scheduled),0,-0.0025,0,-0.005,-0.0025,-0.025,-0.08,-0.12,-0.125,-0.11775,-0.12256,-0.08687,-0.07016,-0.0135,-0.02896,0.3164,0.005
12/9/2003 14:15,12/9/2003,12/9/2003,FOMC Rate Decision (Scheduled),-0.0025,0,-0.005,0.005,-0.00352,-0.002,0,0.05,0.08,0.0726,0.10169,0.09313,0.09158,-0.11632,-0.12197,0.10624,0
1/28/2004 14:15,1/28/2004,1/28/2004,FOMC Rate Decision (Scheduled),0,0,0.0075,0.0075,0,0.025,0.11,0.185,0.24,0.20112,0.23199,0.15835,0.13003,-0.91791,-0.91989,-1.18208,-0.005
3/16/2004 14:15,3/16/2004,3/16/2004,FOMC Rate Decision (Scheduled),0,0,0,-0.0075,0,-0.025,-0.055,-0.085,-0.095,-0.07952,-0.08358,-0.06341,-0.04966,-0.05315,-0.03607,-0.08563,-0.015
5/4/2004 14:15,5/4/2004,5/4/2004,FOMC Rate Decision (Scheduled),-0.0075,-0.01,-0.0025,0.005,-0.00861,-0.005,0.005,0.01,0.015,0.00383,0.01927,0.01997,0.03601,0.36501,0.35826,0.0207,-0.00999
6/30/2004 14:15,6/30/2004,6/30/2004,FOMC Rate Decision (Scheduled),0,-0.0075,-0.02,-0.03,-0.0075,-0.035,-0.03,-0.03,-0.02,-0.00388,0.00325,0.01287,0.0145,0.26758,0.23771,0.07802,-0.005
8/10/2004 14:15,8/10/2004,8/10/2004,FOMC Rate Decision (Scheduled),0.01,0.015,0.035,0.0475,0.01476,0.035,0.045,0.05,0.05,0.04614,0.03508,0.01959,0.01147,-0.30232,-0.32681,-0.30121,
9/21/2004 14:15,9/21/2004,9/21/2004,FOMC Rate Decision (Scheduled),0,-0.005,-0.0025,0,0,-0.015,-0.015,-0.02,-0.03,-0.0154,-0.02857,-0.02821,-0.03346,0.0293,0.00888,0.39433,
11/10/2004 14:15,11/10/2004,11/10/2004,FOMC Rate Decision (Scheduled),0,0,0,-0.01,0,-0.01,-0.025,-0.04,-0.05,-0.03481,-0.03519,-0.02497,-0.02264,0.1175,0.14569,0.08149,
12/14/2004 14:15,12/14/2004,12/14/2004,FOMC Rate Decision (Scheduled),0,0,-0.005,-0.01,0,-0.01,-0.015,-0.02,-0.02,-0.01166,-0.00964,-0.01422,-0.01558,0.06497,-0.03324,0.13911,
2/2/2005 14:15,2/2/2005,2/2/2005,FOMC Rate Decision (Scheduled),-0.005,0,-0.005,-0.005,-0.00538,-0.005,-0.01,-0.02,-0.02,-0.0117,-0.01616,-0.01603,-0.01963,0.01929,0.01678,0.07288,
3/22/2005 14:15,3/22/2005,3/22/2005,FOMC Rate Decision (Scheduled),0,-0.005,0.005,0.015,0,0.03,0.075,0.09,0.105,0.0827,0.1158,0.09784,0.09441,-0.33953,-0.36112,-0.42911,
5/3/2005 14:15,5/3/2005,5/3/2005,FOMC Rate Decision (Scheduled),0,0,0.005,0.015,0,0.015,0.025,0.035,0.035,0.0314,0.02606,0.01257,0.00872,0.15831,0.38635,-0.12422,
6/30/2005 14:15,6/30/2005,6/30/2005,FOMC Rate Decision (Scheduled),0,0,0.01,0.02,0,0.04,0.06,0.055,0.06,0.04318,0.02596,0.0088,-0.00209,-0.41325,-0.44095,-0.08276,
8/9/2005 14:15,8/9/2005,8/9/2005,FOMC Rate Decision (Scheduled),0,0,-0.01,-0.01,0,-0.01,-0.0225,-0.025,-0.025,-0.01979,-0.02321,-0.01823,-0.01761,0.21427,0.20262,0.2104,
9/20/2005 14:15,9/20/2005,9/20/2005,FOMC Rate Decision (Scheduled),0.01,0.0325,0.04,0.0325,0.03,0.03,0.015,0.015,0.015,0.01579,0.00657,-0.00543,-0.03484,-0.15015,-0.12921,-0.23044,
11/1/2005 14:15,11/1/2005,11/1/2005,FOMC Rate Decision (Scheduled),0,-0.0025,0.0025,-0.0025,0,0,0.01,0.01,0.01,0.01193,0.00669,0.00371,-0.00226,0.2192,0.22367,-0.06249,
12/13/2005 14:15,12/13/2005,12/13/2005,FOMC Rate Decision (Scheduled),0,0,-0.005,-0.005,0,-0.0025,-0.025,-0.04,-0.045,-0.02785,-0.02676,-0.01856,-0.01129,0.52662,0.51047,0.24272,
1/31/2006 14:14,1/31/2006,1/31/2006,FOMC Rate Decision (Scheduled),0,0.005,0.005,0.02,0.005,0.03,0.03,0.03,0.04,0.03583,0.03683,0.03152,0.02459,-0.22803,-0.23364,-0.37037,
3/28/2006 14:15,3/28/2006,3/28/2006,FOMC Rate Decision (Scheduled),0,0.005,0.02,0.0275,0.005,0.03,0.045,0.055,0.06,0.04797,0.05076,0.03773,0.02996,-0.62108,-0.64888,-0.39037,
5/10/2006 14:15,5/10/2006,5/10/2006,FOMC Rate Decision (Scheduled),0,0.005,0.0275,0.035,0,0.04,0.05,0.065,0.06,0.05615,0.05123,0.03843,0.02892,-0.19309,-0.15852,-0.043,
6/29/2006 14:15,6/29/2006,6/29/2006,FOMC Rate Decision (Scheduled),0,-0.015,-0.02,-0.03,-0.015,-0.04,-0.05,-0.045,-0.04,-0.04029,-0.03786,-0.01552,-0.00487,0.54151,0.53603,0.81078,
8/8/2006 14:15,8/8/2006,8/8/2006,FOMC Rate Decision (Scheduled),-0.03,-0.04,-0.035,-0.04,-0.04043,-0.035,-0.035,-0.03,-0.03,-0.02805,-0.01696,-0.00569,0.00934,-0.2469,-0.24218,0.12067,
9/20/2006 14:15,9/20/2006,9/20/2006,FOMC Rate Decision (Scheduled),0,0,0,0,0,0.01,0.025,0.025,0.025,0.01998,0.02022,0.01124,0.00456,-0.26777,-0.28435,-0.10233,
10/25/2006 14:15,10/25/2006,10/25/2006,FOMC Rate Decision (Scheduled),0,-0.005,-0.005,-0.005,-0.005,-0.005,-0.01,-0.01,-0.015,-0.004,-0.01353,-0.01507,-0.01836,-0.07474,-0.07226,0.11912,
12/12/2006 14:15,12/12/2006,12/12/2006,FOMC Rate Decision (Scheduled),-0.0025,0,-0.005,-0.01,-0.00408,-0.005,-0.015,-0.05,-0.06,-0.04778,-0.04005,-0.02766,-0.02428,0.26109,0.18988,0.39603,
1/31/2007 14:15,1/31/2007,1/31/2007,FOMC Rate Decision (Scheduled),0,0,0,0,0,-0.005,-0.005,-0.01,-0.02,-0.00802,-0.00339,-0.01135,-0.01156,0.4816,0.48713,0.10754,
3/21/2007 14:15,3/21/2007,3/21/2007,FOMC Rate Decision (Scheduled),-0.0025,0,-0.0075,-0.015,-0.00775,-0.045,-0.095,-0.115,-0.12,-0.08357,-0.06675,-0.04624,-0.03808,0.81634,0.83145,0.47622,
5/9/2007 14:15,5/9/2007,5/9/2007,FOMC Rate Decision (Scheduled),0,0.005,0,0.01,0,0.01,0.03,0.055,0.06,0.03991,0.03689,0.02047,0.01587,-0.13457,-0.13214,-0.14401,
6/28/2007 14:15,6/28/2007,6/28/2007,FOMC Rate Decision (Scheduled),0.0025,0,0,0,0,0.005,0.005,0.02,0.0275,0.01603,0.01365,0.00768,0.00719,-0.27362,-0.27603,-0.03717,
8/7/2007 14:15,8/7/2007,8/7/2007,FOMC Rate Decision (Scheduled),0.005,0.005,0.01,0.0025,0.00646,0,-0.02,-0.035,-0.045,-0.03979,-0.02682,-0.01122,-0.0023,-1.07689,-1.00517,0.07997,
8/10/2007 9:15,8/10/2007,8/7/2007,FOMC statement: The Federal Reserve is providing liquidity to facilitate the orderly functioning of financial markets,0.0075,0.005,0.0025,-0.005,0.01107,0.01,-0.005,-0.005,-0.005,0.00398,-0.01006,-0.01122,-0.00931,-1.18487,-0.0208,-0.02559,
8/17/2007 8:15,8/17/2007,8/7/2007,"FOMC statement, Federal Reserve Board discount rate action",0.015,0.0275,0.035,-0.0225,0.03321,-0.055,-0.055,-0.0325,-0.03,-0.00792,0.01993,0.02961,0.04159,1.00788,2.37716,0.27814,
9/18/2007 14:15,9/18/2007,9/18/2007,FOMC Rate Decision (Scheduled),-0.085,-0.1825,-0.1525,-0.1575,-0.2125,-0.18,-0.19,-0.175,-0.16,-0.1184,-0.04959,-0.01831,0.02019,1.32029,1.33786,0.5028,
10/31/2007 14:15,10/31/2007,10/31/2007,FOMC Rate Decision (Scheduled),0,-0.025,0.0125,0.0225,-0.025,0.02,0.06,0.075,0.085,0.07081,0.06248,0.03457,0.03345,-0.41526,-0.43398,-0.00692,
12/11/2007 14:15,12/11/2007,12/11/2007,FOMC Rate Decision (Scheduled),0.025,0.045,0.0325,0.03,0.03875,0.1825,0.125,0.015,-0.0575,-0.13974,-0.11216,-0.07583,-0.05603,-1.76769,-1.74159,-0.19055,
1/22/2008 8:20,1/22/2008,12/11/2007,FOMC Rate Decision (Unscheduled),-0.135,-0.245,-0.1925,-0.1225,-0.465,-0.13,-0.105,-0.05,-0.0225,0.03813,0.05573,0.04386,0.06355,,1.51989,0.43676,
1/30/2008 14:15,1/30/2008,1/30/2008,FOMC Rate Decision (Scheduled),0,-0.1075,-0.105,-0.12,-0.1075,-0.14,-0.12,-0.1,-0.07,-0.03829,0,0.01027,0.01674,0.81482,0.80616,0.47532,
3/11/2008 8:30,3/11/2008,1/30/2008,FOMC statement: Federal Reserve and other central banks announce specific measures designed to address liquidity pressures in funding markets,0.04,0.045,0.065,0.07,0.062,0.03375,0.09,0.1,0.115,0.11776,0.12366,0.08617,0.06552,1.41888,1.78583,-0.60013,
3/18/2008 14:15,3/18/2008,3/18/2008,FOMC Rate Decision (Scheduled),0.04,0.115,0.085,0.0875,0.09538,0.0475,0.025,0.015,0.01,0,-0.01072,-0.01986,-0.02368,-0.94124,-0.95548,-0.1331,
4/30/2008 14:15,4/30/2008,4/30/2008,FOMC Rate Decision (Scheduled),-0.0025,-0.06,-0.065,-0.065,-0.06,-0.06,-0.085,-0.075,-0.055,-0.0192,-0.00316,-0.00173,0.00107,0.16293,0.12858,0.25671,
6/25/2008 14:15,6/25/2008,6/25/2008,FOMC Rate Decision (Scheduled),-0.005,-0.015,-0.035,-0.04,-0.015,-0.065,-0.05,-0.045,-0.075,-0.08147,-0.04516,-0.02486,-0.01435,0.03392,0.03764,0.3843,
8/5/2008 14:15,8/5/2008,8/5/2008,FOMC Rate Decision (Scheduled),-0.00375,-0.01,-0.0175,-0.03,-0.00447,-0.02,-0.035,-0.035,-0.045,-0.01538,-0.00475,0.00694,0.01298,0.13432,0.14928,-0.00323,
9/16/2008 14:15,9/16/2008,9/16/2008,FOMC Rate Decision (Scheduled),0.04875,0.1075,0.125,0.1125,0.10446,0.14,0.095,0.0725,0.07,0.09871,0.07242,0.03514,0.02406,-0.62947,-0.46189,-0.22644,
10/8/2008 7:00,10/8/2008,9/16/2008,FOMC Rate Decision (Unscheduled),-0.095,-0.025,-0.035,-0.0175,-0.12804,0.02,-0.015,-0.01,-0.0075,0.0416,0.04153,0.04576,0.05326,,,0.54191,
10/29/2008 14:17,10/29/2008,10/29/2008,FOMC Rate Decision (Scheduled),-0.0075,-0.0475,-0.0525,-0.0725,-0.0475,-0.0125,-0.05,-0.075,-0.095,-0.04158,-0.04175,-0.05038,-0.02042,-1.12724,-1.38521,-0.74099,
11/25/2008 8:15,11/25/2008,10/29/2008,"Federal Reserve announces it will initiate a program to purchase the direct obligations of housing-related government-sponsored enterprises and mortgage-backed securities backed by Fannie Mae, Freddie Mac, and Ginnie Mae. Federal Reserve announces the creation of the Term Asset-Backed Securities Loan Facility (TALF)",0.0025,-0.005,-0.005,-0.0025,-0.005,-0.0875,-0.125,-0.135,-0.1225,-0.015,-0.01785,-0.01639,-0.03843,1.64061,2.7155,0.73084,
12/16/2008 14:15,12/16/2008,12/16/2008,FOMC Rate Decision (Scheduled),-0.0675,-0.185,-0.165,-0.18,-0.1395,-0.25,-0.245,-0.245,-0.245,-0.12011,-0.16323,-0.12311,-0.03823,1.59331,1.57373,1.29383,
1/28/2009 14:15,1/28/2009,1/28/2009,FOMC Rate Decision (Scheduled),0,0,0.005,0,0,0,-0.01,-0.015,-0.02,-0.00748,0.01475,0.0111,0.01488,-0.1973,-0.23025,-0.86397,
3/18/2009 14:15,3/18/2009,3/18/2009,FOMC Rate Decision (Scheduled),-0.00125,-0.005,-0.005,-0.0125,-0.00298,-0.055,-0.075,-0.085,-0.08,-0.07502,-0.17585,-0.30127,-0.31931,1.80819,1.86326,2.06753,
4/29/2009 14:15,4/29/2009,4/29/2009,FOMC Rate Decision (Scheduled),0,-0.0025,0,0,-0.0025,0.005,0.01,0.025,0.04,0.02997,0.05842,0.06185,0.06569,0.62292,0.65715,-0.35316,
6/24/2009 14:15,6/24/2009,6/24/2009,FOMC Rate Decision (Scheduled),0,0.005,0.0075,0.005,0.005,0.01,0.035,0.05,0.07,0.04905,0.09091,0.08447,0.07444,-0.6802,-0.63907,-0.60562,
8/12/2009 14:15,8/12/2009,8/12/2009,FOMC Rate Decision (Scheduled),0,0,0,0,0,0,-0.015,-0.025,-0.02,-0.0113,0.01535,0.01544,0.02135,-0.26438,-0.29869,-0.5782,
9/23/2009 14:15,9/23/2009,9/23/2009,FOMC Rate Decision (Scheduled),0,-0.0075,-0.015,-0.015,-0.0075,-0.05,-0.1,-0.12,-0.13,-0.0902,-0.08374,-0.06104,-0.06233,0.52867,0.51336,0.31075,
11/4/2009 14:15,11/4/2009,11/4/2009,FOMC Rate Decision (Scheduled),-0.0025,-0.005,-0.0075,-0.0125,-0.00288,-0.01,-0.02,-0.03,-0.04,-0.0337,-0.00151,0.02021,0.03145,0.08621,0.095,0.0909,
12/16/2009 14:15,12/16/2009,12/16/2009,FOMC Rate Decision (Scheduled),-0.00875,-0.01,-0.005,-0.0025,-0.01808,-0.005,-0.005,0.01,0.02,0.0075,0.03035,0.02872,0.02739,-0.05211,-0.06766,-0.18239,
1/27/2010 14:15,1/27/2010,1/27/2010,FOMC Rate Decision (Scheduled),0,0,-0.005,0.005,0,-0.005,0.01,0.04,0.065,0.0561,0.0484,0.03198,0.01883,0.09656,0.09228,-0.24597,
3/16/2010 14:15,3/16/2010,3/16/2010,FOMC Rate Decision (Scheduled),-0.0025,-0.01,-0.01,-0.0075,-0.00517,-0.015,-0.035,-0.05,-0.055,-0.04128,-0.03955,-0.02706,-0.00843,0.19305,0.19561,0.16376,
4/28/2010 14:15,4/28/2010,4/28/2010,FOMC Rate Decision (Scheduled),0,0,-0.005,-0.005,0,-0.005,-0.0075,-0.01,-0.005,-0.00375,0.01068,0.00848,0.00845,0.16698,0.1683,0.23913,
6/23/2010 14:15,6/23/2010,6/23/2010,FOMC Rate Decision (Scheduled),0,0.005,0,-0.0025,0.005,0.005,0.005,0.005,0.005,-0.00745,-0.00597,-0.00489,-0.0039,0.34692,0.29796,0.39826,
8/10/2010 14:15,8/10/2010,8/10/2010,FOMC Rate Decision (Scheduled),0.0025,0.0025,0.0025,0.005,0.00369,-0.01,-0.02,-0.03,-0.035,-0.01115,-0.0452,-0.05672,-0.05006,0.68052,0.73842,0.76739,
9/21/2010 14:15,9/21/2010,9/21/2010,FOMC Rate Decision (Scheduled),0.0025,0.005,0,0,0.00833,0,-0.01,-0.01,-0.01,-0.01485,-0.0204,-0.01574,-0.00183,0.59361,0.59354,0.74324,
11/3/2010 14:15,11/3/2010,11/3/2010,FOMC Rate Decision (Scheduled),0.0075,0.0075,0.005,0.005,0.00833,0.005,-0.005,-0.005,-0.01,-0.0037,-0.04314,0.00929,0.11159,-0.30103,-0.33723,-0.13522,
12/14/2010 14:15,12/14/2010,12/14/2010,FOMC Rate Decision (Scheduled),0,0,0,0,0,0.005,-0.005,-0.005,-0.01,-0.0149,-0.00149,0,0.00819,0.01285,0,-0.07454,
1/26/2011 14:15,1/26/2011,1/26/2011,FOMC Rate Decision (Scheduled),-0.00125,0,0,0,0,0,0,-0.015,-0.02,-0.02605,-0.01042,0.00329,0.02054,-0.08019,-0.05797,0.01829,
3/15/2011 14:15,3/15/2011,3/15/2011,FOMC Rate Decision (Scheduled),0,0,0,0,0,-0.005,0,0.01,0.02,0.02977,0.03865,0.02621,0.01212,0.27359,0.25505,-0.00358,
4/27/2011 12:30,4/27/2011,4/27/2011,FOMC Rate Decision (Scheduled),0,0,-0.005,0,0,-0.005,-0.005,-0.015,-0.025,-0.02232,-0.0283,-0.01806,-0.01012,0.1752,0.16747,0.27592,
6/22/2011 12:30,6/22/2011,6/22/2011,FOMC Rate Decision (Scheduled),0,-0.005,-0.005,0,0,-0.005,0,0.005,0.01,0.01853,0.02917,0.02065,0.01551,0.10646,0.1162,-0.00347,
8/9/2011 14:15,8/9/2011,8/9/2011,FOMC Rate Decision (Scheduled),0,0.005,0.0025,0.0025,0,0.02,0,-0.035,-0.085,-0.09233,-0.12265,-0.06074,0.01934,-0.87788,-0.9322,0.17918,
9/21/2011 14:15,9/21/2011,9/21/2011,FOMC Rate Decision (Scheduled),0.005,0.015,0.02,0.02,0.01667,0.045,0.055,0.065,0.075,0.0443,0.04695,-0.00299,-0.07426,-0.609,-0.73809,-0.59691,
11/2/2011 12:30,11/2/2011,11/2/2011,FOMC Rate Decision (Scheduled),0,0.005,0.005,0.005,0,0.01,0.01,0.01,0.015,0.01478,0.02133,0.012,0.00166,-0.13996,-0.14207,-0.22531,
12/13/2011 14:15,12/13/2011,12/13/2011,FOMC Rate Decision (Scheduled),0,0,0,0,0,0,0.01,0.015,0.015,0.00738,0.00426,-0.00449,-0.01644,-0.81154,-0.70908,-0.32502,
1/25/2012 12:30,1/25/2012,1/25/2012,FOMC Rate Decision (Scheduled),0,0,-0.0025,-0.0025,0,0,-0.01,-0.03,-0.035,-0.02213,-0.06232,-0.05376,-0.03313,0.30319,0.3248,0.39587,
3/13/2012 14:15,3/13/2012,3/13/2012,FOMC Rate Decision (Scheduled),0,0,0,0,0,0,0.005,0.01,0.02,0.0074,0.02567,0.0315,0.03045,0.02241,0.01815,-0.29411,
4/25/2012 12:30,4/25/2012,4/25/2012,FOMC Rate Decision (Scheduled),0,0,0,0,0,0,0,0,0,0,0.01133,0.01334,0.01658,-0.0166,-0.03618,-0.09848,
6/20/2012 12:30,6/20/2012,6/20/2012,FOMC Rate Decision (Scheduled),0.00125,0.005,0.01,0.01,0.00375,0.015,0.015,0.02,0.02,0.02218,0.0113,-0.01461,-0.04381,-0.02733,-0.03712,-0.13396,
8/1/2012 14:15,8/1/2012,8/1/2012,FOMC Rate Decision (Scheduled),0.01,0.01,0.015,0.01,0.01033,0.01,0.01,0.01,0.015,0.02215,0.03925,0.02749,0.0123,-0.1668,-0.20007,-0.48902,
9/13/2012 12:30,9/13/2012,9/13/2012,FOMC Rate Decision (Scheduled),0.0075,0.015,0.02,0.015,0.01324,0.01,0.01,0.015,0.015,0.02585,0.06474,0.05878,0.07279,0.61107,0.64158,0.03877,
10/24/2012 14:15,10/24/2012,10/24/2012,FOMC Rate Decision (Scheduled),0,0,0,0,0,0,0,0,0,-0.0037,-0.00987,-0.00737,0.00158,-0.00141,0.01773,0.03086,
12/12/2012 12:30,12/12/2012,12/12/2012,FOMC Rate Decision (Scheduled),0,0,0,0,0,0,-0.005,-0.005,-0.005,0,-0.0014,0.01607,0.03593,0.39349,0.40126,0.35973,
1/30/2013 14:15,1/30/2013,1/30/2013,FOMC Rate Decision (Scheduled),0,0,0,0,0,0,0,-0.005,-0.01,-0.00739,-0.01274,-0.01043,-0.01151,-0.07702,-0.08325,0.01474,
3/20/2013 14:00,3/20/2013,3/20/2013,FOMC Rate Decision (Scheduled),0,0,0,0,0,0.005,0.005,0,0.0025,-0.00369,-0.00282,-0.00446,-0.00657,0.10916,0.11283,0.11193,
5/1/2013 14:00,5/1/2013,5/1/2013,FOMC Rate Decision (Scheduled),0.0025,0,0.005,0.0025,0.00258,0,0,0,0,0,0.00561,0.0102,0.01244,0.14053,0.14225,0.11739,
6/19/2013 14:00,6/19/2013,6/19/2013,FOMC Rate Decision (Scheduled),0.0025,0,0.0025,0.005,0.00682,0,0,0,0.01,0.02217,0.06303,0.05468,0.04086,-0.06366,-0.09128,-0.44857,
7/31/2013 14:00,7/31/2013,6/19/2013,FOMC Rate Decision (Scheduled),0,0,0.0025,0,0,0,-0.005,-0.005,-0.0075,-0.00739,-0.03325,-0.02492,-0.02868,-0.03255,-0.05936,0.01505,
9/18/2013 14:00,9/18/2013,9/18/2013,FOMC Rate Decision (Scheduled),0,-0.005,-0.0025,0,0,-0.005,-0.015,-0.02,-0.03,-0.04073,-0.13876,-0.11503,-0.06959,1.00779,1.05565,0.69305,
10/30/2013 14:00,10/30/2013,10/30/2013,FOMC Rate Decision (Scheduled),0,0,0,0,0,-0.005,0,0,0.01,0.01108,0.03739,0.0399,0.0353,-0.29372,-0.31274,-0.35288,
12/18/2013 14:00,12/18/2013,12/18/2013,FOMC Rate Decision (Scheduled),0,0.005,0,0,0,0.01,0.005,0.005,-0.005,-0.0148,-0.02334,-0.01107,0,0.7595,0.78802,0.06901,
1/29/2014 14:00,1/29/2014,1/29/2014,FOMC Rate Decision (Scheduled),0,0.005,0,0,0.005,0.005,0.005,0,0.005,0,-0.00437,-0.0094,-0.01618,-0.40308,-0.39529,-0.10615,
3/19/2014 14:00,3/19/2014,3/19/2014,FOMC Rate Decision (Scheduled),0,0.005,0,0,0,0.005,0.01,0.02,0.04,0.05932,0.09257,0.05712,0.02895,-0.20472,-0.21469,-0.44284,
4/30/2014 14:00,4/30/2014,4/30/2014,FOMC Rate Decision (Scheduled),0,0,0.0025,0,0,0,0,0,0.005,0,0.00735,0.00792,0.00532,0.01755,0.02668,-0.01443,
6/18/2014 14:00,6/18/2014,6/18/2014,FOMC Rate Decision (Scheduled),0,0.005,0.005,0,0,0,0.005,0.01,0.015,0.01114,0.02362,0.00475,-0.01053,0.31782,0.33568,-0.03315,
7/30/2014 14:00,7/30/2014,7/30/2014,FOMC Rate Decision (Scheduled),0,0,0,0,0,-0.005,-0.005,-0.01,-0.01,-0.00743,-0.0133,-0.01263,-0.01552,0.39686,0.40705,0.08217,
9/17/2014 14:00,9/17/2014,9/17/2014,FOMC Rate Decision (Scheduled),0,0,0,0,0,0,0.005,0.02,0.035,0.03722,0.05048,0.03009,0.01394,0.24878,0.23824,-0.30134,
10/29/2014 14:00,10/29/2014,10/29/2014,FOMC Rate Decision (Scheduled),0,0,0.01,0.005,0,0,0.005,0.03,0.055,0.04448,0.05723,0.03261,0.00334,-0.29393,-0.32989,-0.7601,
12/17/2014 14:00,12/17/2014,12/17/2014,FOMC Rate Decision (Scheduled),0,0,-0.005,-0.005,0,-0.015,-0.04,-0.075,-0.0925,-0.07068,-0.07054,-0.02769,0,0.74124,0.77699,0.35397,
1/28/2015 14:00,1/28/2015,1/28/2015,FOMC Rate Decision (Scheduled),0,0.005,0,0.005,0.005,0,-0.005,-0.015,-0.015,-0.01484,-0.0203,-0.01952,-0.0154,-0.25168,-0.28413,-0.03969,
3/18/2015 14:00,3/18/2015,3/18/2015,FOMC Rate Decision (Scheduled),-0.00125,-0.005,-0.01,-0.02,-0.00298,-0.04,-0.065,-0.08,-0.1,-0.08568,-0.07928,-0.05507,-0.04454,1.42474,1.47372,1.21836,
4/29/2015 14:00,4/29/2015,4/29/2015,FOMC Rate Decision (Scheduled),0,0,0,0,0,0,0,0,0,0,-0.00146,0,-0.00429,0.09256,0.08332,-0.74584,
6/17/2015 14:00,6/17/2015,6/17/2015,FOMC Rate Decision (Scheduled),-0.0025,-0.01,-0.015,-0.02,-0.00577,-0.03,-0.045,-0.05,-0.055,-0.05592,-0.06353,-0.04843,-0.03231,0.33272,0.17986,0.30166,
7/29/2015 14:00,7/29/2015,7/29/2015,FOMC Rate Decision (Scheduled),0,-0.005,-0.005,-0.005,-0.005,-0.005,-0.01,-0.01,-0.01,-0.01488,-0.01761,-0.01238,-0.01344,0.12738,0.14305,-0.14947,
9/17/2015 14:00,9/17/2015,9/17/2015,FOMC Rate Decision (Scheduled),-0.025,-0.055,-0.05,-0.0525,-0.05769,-0.06,-0.065,-0.065,-0.0625,-0.05591,-0.05278,-0.03548,-0.01959,0.14133,0.11295,0.53702,
10/28/2015 14:00,10/28/2015,10/28/2015,FOMC Rate Decision (Scheduled),0,0,0.01,0.025,0,0.02,0.04,0.045,0.055,0.05579,0.0554,0.03203,-0.0029,-0.6055,-0.71377,-1.25816,
12/16/2015 14:00,12/16/2015,12/16/2015,FOMC Rate Decision (Scheduled),0.0125,0.0175,0.01,0.015,0.02583,0.01,0.0175,0.025,0.025,0.00749,-0.00296,-0.01404,-0.03271,0.13922,0.18326,-0.1507,
1/27/2016 14:00,1/27/2016,1/27/2016,FOMC Rate Decision (Scheduled),0,0,-0.01,-0.015,0,-0.02,-0.025,-0.035,-0.04,-0.03732,-0.03652,-0.02588,-0.01573,-0.36597,-0.35583,0.08272,
3/16/2016 14:00,3/16/2016,3/16/2016,FOMC Rate Decision (Scheduled),-0.0075,-0.02,-0.055,-0.0525,-0.0155,-0.05,-0.08,-0.1,-0.11,-0.09351,-0.10688,-0.07004,-0.03236,0.26709,0.27437,0.82205,
4/27/2016 14:00,4/27/2016,4/27/2016,FOMC Rate Decision (Scheduled),-0.0025,0,0,0.005,0,0.005,0.01,0.015,0.015,0.01492,0.01018,0.00302,-0.00561,0.24476,0.22774,-0.20751,
6/15/2016 14:00,6/15/2016,6/15/2016,FOMC Rate Decision (Scheduled),-0.00125,-0.005,-0.025,-0.03,-0.0025,-0.04,-0.045,-0.05,-0.05,-0.05583,-0.0461,-0.02955,-0.00796,-0.04467,-0.04823,0.39949,
7/27/2016 14:00,7/27/2016,7/27/2016,FOMC Rate Decision (Scheduled),-0.0025,-0.005,-0.005,0,-0.005,0.005,0.01,0.01,0.005,0.00372,-0.00576,-0.00736,-0.01035,0.21188,0.21986,-0.05458,
9/21/2016 14:00,9/21/2016,9/21/2016,FOMC Rate Decision (Scheduled),-0.0125,-0.04,-0.03,-0.025,-0.04167,-0.02,-0.025,-0.03,-0.035,-0.04105,-0.04338,-0.03141,-0.02855,0.29354,0.2923,0.22376,
11/2/2016 14:00,11/2/2016,11/2/2016,FOMC Rate Decision (Scheduled),-0.0025,0,0.005,0.01,-0.00268,0.005,0,0,0.005,0.00746,0.00289,0.0015,0.00833,0.06189,0.07162,-0.02252,
12/14/2016 14:00,12/14/2016,12/14/2016,FOMC Rate Decision (Scheduled),-0.0025,0,0,0.0125,-0.00456,0.0025,0.02,0.05,0.08,0.0677,0.0837,0.06673,0.0373,-0.24159,-0.27609,-0.62223,
2/1/2017 14:00,2/1/2017,2/1/2017,FOMC Rate Decision (Scheduled),-0.0025,-0.0125,-0.02,-0.0175,-0.00259,-0.015,-0.02,-0.02,-0.025,-0.03007,-0.02388,-0.01268,0,0.16147,0.16484,0.10698,
3/15/2017 14:00,3/15/2017,3/15/2017,FOMC Rate Decision (Scheduled),0.0025,0.005,-0.005,-0.02,0.00484,-0.035,-0.05,-0.06,-0.07,-0.0717,-0.07364,-0.05108,-0.01729,0.28177,0.29472,0.38469,
5/3/2017 14:00,5/3/2017,5/3/2017,FOMC Rate Decision (Scheduled),0,0.01,0.01,0.0075,0,0.01,0.015,0.015,0.02,0.01505,0.02077,0.01721,0.0151,0.03859,0.04201,-0.11916,
6/14/2017 14:00,6/14/2017,6/14/2017,FOMC Rate Decision (Scheduled),0.01,0.015,0.01,0.015,0.01875,0.0075,0.015,0.015,0.02,0.02634,0.02071,0.01235,0.00294,-0.0406,-0.05131,-0.1776,
7/26/2017 14:00,7/26/2017,7/26/2017,FOMC Rate Decision (Scheduled),0,0,-0.005,-0.01,0,-0.005,-0.01,-0.015,-0.02,-0.01884,-0.02528,-0.01718,-0.00151,0.02098,0.0202,0.44116,
9/20/2017 14:00,9/20/2017,9/20/2017,FOMC Rate Decision (Scheduled),0,0,0,0.02,0,0.04,0.045,0.055,0.055,0.04527,0.05513,0.03744,0.01793,-0.14615,-0.15988,-0.7734,
11/1/2017 14:00,11/1/2017,11/1/2017,FOMC Rate Decision (Scheduled),-0.0025,0.005,0,0,-0.00259,0,0,0.005,0.005,0.00378,0.0045,0.00629,0.00452,0.08571,0.07766,-0.06452,
12/13/2017 14:00,12/13/2017,12/13/2017,FOMC Rate Decision (Scheduled),0,0.005,0,0,0,-0.0025,-0.005,-0.01,-0.01,-0.01521,-0.01661,-0.01265,-0.0075,0.07573,0.07488,0.15276,
1/31/2018 14:00,1/31/2018,1/31/2018,FOMC Rate Decision (Scheduled),0,-0.005,0,0.005,-0.005,0,0.005,0.005,0.01,0.00764,0.01381,0.01301,0.01106,-0.10361,-0.1149,-0.16523,
3/21/2018 14:00,3/21/2018,3/21/2018,FOMC Rate Decision (Scheduled),0,-0.005,-0.0075,-0.005,0,-0.005,-0.005,0,0.005,-0.00768,0.01392,0.0165,0.02289,0.3479,0.36575,0.28074,
5/2/2018 14:00,5/2/2018,5/2/2018,FOMC Rate Decision (Scheduled),-0.0025,-0.005,0,0,-0.00267,0,-0.005,-0.01,-0.005,-0.01538,-0.02019,-0.0116,-0.00655,0.1428,0.16027,0.40461,
6/13/2018 14:00,6/13/2018,6/13/2018,FOMC Rate Decision (Scheduled),-0.005,-0.005,-0.005,0.0025,-0.00882,0,0.02,0.03,0.03,0.04237,0.04047,0.03153,0.02796,-0.13533,-0.14338,-0.34416,
8/1/2018 14:00,8/1/2018,8/1/2018,FOMC Rate Decision (Scheduled),0,0,0,0,0,0,-0.005,-0.0025,-0.005,0,-0.00467,-0.00332,-0.0033,0.02134,0.02668,0.04714,
9/26/2018 14:00,9/26/2018,9/26/2018,FOMC Rate Decision (Scheduled),0,0.01,0.01,0.01,0.01,0,0,-0.005,-0.01,-0.00387,-0.00784,-0.00167,0.00337,0.22624,0.22178,0.04248,
11/8/2018 14:00,11/8/2018,11/8/2018,FOMC Rate Decision (Scheduled),0.0025,0.005,0,0,0.00341,0.005,0.005,0.005,0.005,0.00775,0.0063,0.00505,0.0052,0.09441,0.08016,-0.19756,
12/19/2018 14:00,12/19/2018,12/19/2018,FOMC Rate Decision (Scheduled),0.01,0.03,0.025,0.02,0.02583,0.03,0.025,0.015,0.015,0.00385,-0.00773,-0.01471,-0.0243,-0.94125,-0.97595,-0.38569,
1/30/2019 14:00,1/30/2019,1/30/2019,FOMC Rate Decision (Scheduled),0,0,-0.005,-0.005,0,-0.01,-0.03,-0.03,-0.04,-0.03653,-0.03076,-0.01945,-0.00482,0.77383,0.77759,0.50235,
3/20/2019 14:00,3/20/2019,3/20/2019,FOMC Rate Decision (Scheduled),0,0,-0.005,-0.005,0,-0.005,-0.025,-0.05,-0.06,-0.05943,-0.06564,-0.04803,-0.03343,0.50599,0.50327,0.57981,
5/1/2019 14:00,5/1/2019,5/1/2019,FOMC Rate Decision (Scheduled),-0.025,-0.02,-0.025,-0.04,-0.02583,-0.035,-0.04,-0.045,-0.05,-0.04589,-0.03795,-0.02224,-0.00472,0.20476,0.19482,0.16439,
6/19/2019 14:00,6/19/2019,6/19/2019,FOMC Rate Decision (Scheduled),0.0225,0.05,-0.03,-0.035,0.06136,-0.06,-0.085,-0.105,-0.105,-0.07961,-0.0626,-0.04156,-0.02824,0.23767,0.23931,0.15144,
7/31/2019 14:00,7/31/2019,7/31/2019,FOMC Rate Decision (Scheduled),0,0.04,0.04,0.045,0.04,0.04,0.05,0.04,0.03,0.02088,0.00298,-0.00307,-0.01774,-0.13745,-0.14938,-0.21132,
9/18/2019 14:00,9/18/2019,9/18/2019,FOMC Rate Decision (Scheduled),0.01375,0.0175,0.01,0.015,0.03438,0.035,0.03,0.03,0.03,0.03785,0.03103,0.02416,0.01279,-0.37358,-0.39262,-0.30772,
10/11/2019 11:00,10/11/2019,9/18/2019,Statement Regarding Monetary Policy Implementation (addressed recent liquidity strains in the repo market by announcing Treasury bill purchases and repo operations to ensure ample reserves),-0.005,-0.01,-0.005,0,-0.00775,-0.02,-0.0025,0,0,-0.00756,-0.0059,-0.0015,0.00284,0.19962,0.19258,0.13132,
10/30/2019 14:00,10/30/2019,10/30/2019,FOMC Rate Decision (Scheduled),0,-0.0125,0.005,0.015,-0.0125,0.01,0.015,0.015,0.02,0.01325,0.01035,0.00302,-0.00573,0.14959,0.14837,-0.05849,
12/11/2019 14:00,12/11/2019,12/11/2019,FOMC Rate Decision (Scheduled),0,0,0,-0.005,0,0,0,-0.005,-0.005,-0.00757,-0.00591,-0.00455,0.00144,0.16766,0.16732,0.12158,
1/29/2020 14:00,1/29/2020,1/29/2020,FOMC Rate Decision (Scheduled),0.0025,0.015,0.01,0.01,0.015,0.005,0.005,0.005,0.005,0.00189,-0.00293,-0.00298,-0.00702,0.02827,0.02281,0.0318,
3/3/2020 10:00,3/3/2020,3/3/2020,FOMC Rate Decision (Scheduled),-0.23125,-0.175,-0.155,-0.145,-0.25603,-0.1675,-0.13,-0.11,-0.0975,-0.06804,-0.04555,-0.03308,-0.01314,0.65188,0.69044,0.69428,
3/15/2020 17:00,3/15/2020,3/3/2020,FOMC Rate Decision (Unscheduled),,,,,,-0.06625,-0.0475,-0.0125,-0.07,,,,,,-0.45096,0.79187,
4/29/2020 14:00,4/29/2020,4/29/2020,FOMC Rate Decision (Scheduled),-0.0025,-0.03,-0.025,-0.02,-0.03,0,-0.005,-0.005,-0.005,0.00369,0.00836,0.00975,0.01709,-0.18878,-0.19611,0.13805,
6/10/2020 14:00,6/10/2020,6/10/2020,FOMC Rate Decision (Scheduled),0,0,0,0,0,-0.0025,0,-0.005,-0.005,-0.00922,-0.01812,-0.01261,0.00381,0.59258,0.53764,0.36881,
7/29/2020 14:00,7/29/2020,7/29/2020,FOMC Rate Decision (Scheduled),0,0.005,0,0,0.005,-0.005,-0.015,-0.005,0,-0.00369,-0.00833,-0.00693,-0.00612,0.06893,0.07712,0.02121,
9/16/2020 14:00,9/16/2020,9/16/2020,FOMC Rate Decision (Scheduled),-0.0025,0,0,0,-0.00536,-0.005,0,0,0,-0.00184,0.00139,0.00416,0.01259,0.40618,0.40382,0.06764,
11/5/2020 14:00,11/5/2020,11/5/2020,FOMC Rate Decision (Scheduled),0,0,0,0,0,0,0,0,-0.005,-0.00184,0.00139,0.00279,0.00128,0.0341,0.02135,0.04231,
12/16/2020 14:00,12/16/2020,12/16/2020,FOMC Rate Decision (Scheduled),-0.0025,0,0,0,-0.00517,0,0,0.005,0,0.00184,0.01387,0.01969,0.02727,-0.16237,-0.15931,-0.25912,
1/27/2021 14:00,1/27/2021,1/27/2021,FOMC Rate Decision (Scheduled),0,0.0025,0,0.005,0.0025,0.005,0,0,0,0,-0.00139,0,-0.00132,-0.34152,-0.33775,-0.0743,
3/17/2021 14:00,3/17/2021,3/17/2021,FOMC Rate Decision (Scheduled),-0.0025,-0.005,-0.005,-0.005,-0.00554,-0.01,-0.005,-0.01,-0.01,-0.0166,-0.03955,-0.01848,0.0074,0.53485,0.53907,0.43153,
4/28/2021 14:00,4/28/2021,4/28/2021,FOMC Rate Decision (Scheduled),-0.0025,-0.005,-0.005,-0.005,-0.005,-0.005,0,-0.005,-0.005,-0.00369,-0.00565,-0.00296,-0.00437,0.05755,0.07477,0.14888,
6/16/2021 14:00,6/16/2021,6/16/2021,FOMC Rate Decision (Scheduled),0.0125,0.025,0.01,0.01,0.02679,0.01,0.015,0.02,0.03,0.02768,0.07067,0.05156,0.03458,-0.49477,-0.49859,-0.60443,
7/28/2021 14:00,7/28/2021,7/28/2021,FOMC Rate Decision (Scheduled),0,0,0,0,0,0,0,0,0.01,0.00738,0.0211,0.00869,-0.00138,0.18406,0.17644,-0.03387,
9/22/2021 14:00,9/22/2021,9/22/2021,FOMC Rate Decision (Scheduled),0,0,0,0,0,0,0,0,0,0.0037,0.00567,-0.00146,-0.00138,0.37317,0.35859,0.1534,
11/3/2021 14:00,11/3/2021,11/3/2021,FOMC Rate Decision (Scheduled),0,0,0,0.0025,0,0,0.005,0.01,0.0075,0.00928,0.01655,0.01196,0.03268,0.23372,0.22721,0.02158,
12/15/2021 14:00,12/15/2021,12/15/2021,FOMC Rate Decision (Scheduled),-0.0025,0,-0.005,0.0075,-0.00484,0.025,0.045,0.05,0.05,0.03361,0.02756,0.01945,0.00561,0.62031,0.57237,-0.16004,
1/26/2022 14:00,1/26/2022,1/26/2022,FOMC Rate Decision (Scheduled),-0.0025,-0.01,-0.005,-0.005,-0.01,-0.0075,-0.01,-0.005,-0.005,-0.00188,0.00881,0.01378,0.01336,-0.2151,-0.1985,0,
3/16/2022 14:00,3/16/2022,3/16/2022,FOMC Rate Decision (Scheduled),-0.01,-0.015,0,0.02,-0.02067,0.06,0.11,0.145,0.155,0.10704,0.06975,0.04598,0.03677,-0.74763,-0.76101,-0.1731,
5/4/2022 14:00,5/4/2022,5/4/2022,FOMC Rate Decision (Scheduled),-0.0175,-0.02,-0.02,-0.02,-0.02009,-0.025,-0.0275,-0.03,-0.04,-0.0426,-0.0463,-0.02342,-0.01016,-0.14965,-0.16759,0.1233,
6/13/2022 15:15,6/13/2022,5/4/2022,WSJ article: Bad Inflation Reports Raise Odds of Surprise 0.75-Percentage-Point Rate Rise This Week (event highlighted by Kurt Lunsford),0.04625,0.115,0.16,0.155,0.08162,0.185,0.135,0.115,0.1,0.11179,0.07566,0.04843,0.03078,-0.45255,-0.46245,-0.17281,
6/15/2022 14:00,6/15/2022,6/15/2022,FOMC Rate Decision (Scheduled),0.0225,0.035,0.045,0.05,0.045,0.07,0.0825,0.09,0.0575,0.04313,0.02413,0.01386,0.00453,-0.12554,-0.08618,-0.07697,
7/27/2022 14:00,7/27/2022,7/27/2022,FOMC Rate Decision (Scheduled),-0.0025,-0.015,-0.015,-0.02,-0.015,-0.005,0,0.005,0.005,0.00291,0.00156,0.00165,0,0.05081,0.06284,0.10356,
9/21/2022 14:00,9/21/2022,9/21/2022,FOMC Rate Decision (Scheduled),-0.01,-0.035,0,0.04,-0.03333,0.09,0.12,0.13,0.115,0.09103,0.05207,0.01929,-0.01484,-1.35205,-1.38846,-0.4056,
11/2/2022 14:00,11/2/2022,11/2/2022,FOMC Rate Decision (Scheduled),-0.0025,-0.025,-0.04,-0.065,-0.00268,-0.06,-0.0775,-0.08,-0.09,-0.08185,-0.07457,-0.04518,-0.00813,0.70408,0.69157,0.5648,
12/14/2022 14:00,12/14/2022,12/14/2022,FOMC Rate Decision (Scheduled),0,0,0.035,0.045,0,0.0125,0.085,0.115,0.12,0.08115,0.05976,0.03305,0.00552,-1.14497,-1.16971,-0.31877,
2/1/2023 14:00,2/1/2023,2/1/2023,FOMC Rate Decision (Scheduled),-0.0075,-0.005,0.005,0.005,-0.00778,-0.005,0.005,0.02,0.02,0.02182,0.01614,0.0104,0.01288,0.13746,0.13506,-0.04125,
3/22/2023 14:00,3/22/2023,3/22/2023,FOMC Rate Decision (Scheduled),0.01,0.04,0.02,0.015,0.03444,0.025,-0.015,-0.07,-0.08,-0.09083,-0.05979,-0.03133,0.00277,0.28513,0.27857,0.48064,
5/3/2023 14:00,5/3/2023,5/3/2023,FOMC Rate Decision (Scheduled),0.0125,0.015,0.015,0.02,0.01384,0.0075,0.015,0.015,0.015,0.00592,0.01119,0.00858,0.02362,0.11806,0.12046,0.13567,
6/14/2023 14:00,6/14/2023,6/14/2023,FOMC Rate Decision (Scheduled),-0.01,-0.01,0.025,0.035,-0.01875,-0.0025,0,0.08,0.125,0.12573,0.09352,0.05671,0.02392,-0.69926,-0.69226,-0.39695,
7/26/2023 14:00,7/26/2023,7/26/2023,FOMC Rate Decision (Scheduled),0,0,0,0,0,0,0,0.0075,0.01,0.00603,0.00165,-0.00179,-0.00387,0.08908,0.08179,0.02259,
9/20/2023 14:00,9/20/2023,9/20/2023,FOMC Rate Decision (Scheduled),-0.0025,-0.005,0.025,0.0275,-0.0075,0.01,0.035,0.065,0.095,0.06841,0.05526,0.03491,0.0146,-0.17053,-0.18928,-0.31749,
11/1/2023 14:00,11/1/2023,11/1/2023,FOMC Rate Decision (Scheduled),-0.0025,-0.01,-0.01,-0.015,-0.00259,0,-0.01,-0.015,-0.015,-0.01208,-0.00676,-0.00378,0.0046,0.01259,0.01773,-0.01899,
12/13/2023 14:00,12/13/2023,12/13/2023,FOMC Rate Decision (Scheduled),-0.0025,0,-0.005,-0.025,-0.00431,0,-0.005,-0.065,-0.125,-0.13941,-0.11671,-0.0828,-0.06331,0.66225,0.63107,0.69294,
1/31/2024 14:00,1/31/2024,1/31/2024,FOMC Rate Decision (Scheduled),0,0.0025,0.01,0.02,0.0025,0,0.025,0.02,0.02,0.00992,0.00815,0.00534,0.01205,-0.30595,-0.30568,-0.1384,
3/20/2024 14:00,3/20/2024,3/20/2024,FOMC Rate Decision (Scheduled),0,0,0,-0.005,0,0,-0.015,-0.035,-0.035,-0.02194,-0.00497,0.00545,0.02922,0.23831,0.2479,0.069,
5/1/2024 14:00,5/1/2024,5/1/2024,FOMC Rate Decision (Scheduled),0,0,0,-0.005,0,0,0,-0.01,-0.015,-0.01308,-0.01351,-0.00934,-0.00437,0.11812,0.12855,0.05617,
6/12/2024 14:00,6/12/2024,6/12/2024,FOMC Rate Decision (Scheduled),0,0,0.015,0.015,0,0,0.005,0.02,0.025,0.01795,0.01159,0.00908,0.01245,-0.01564,-0.0092,-0.10153,
7/31/2024 14:00,7/31/2024,7/31/2024,FOMC Rate Decision (Scheduled),0,0.0025,0.01,0.015,0.0025,0.0025,0.015,0.02,0.015,0.01788,0.01476,0.01075,0.01226,0.13364,0.13038,-0.037,
9/18/2024 14:00,9/18/2024,9/18/2024,FOMC Rate Decision (Scheduled),-0.0475,-0.11,-0.11,-0.11,-0.11875,-0.1075,-0.12,-0.125,-0.11,-0.08012,-0.04153,-0.02422,-0.01156,0.37888,0.3611,0.41254,
11/7/2024 14:00,11/7/2024,11/7/2024,FOMC Rate Decision (Scheduled),-0.0025,0.005,0.01,0.015,-0.00326,0,0.01,0.015,0.015,0.01388,0.00991,0.00546,0,0.01338,-0.00417,-0.09265,
12/18/2024 14:00,12/18/2024,12/18/2024,FOMC Rate Decision (Scheduled),-0.005,-0.01,0.01,0.02,-0.01192,0,0.05,0.095,0.115,0.09323,0.07796,0.0568,0.03671,-0.80971,-0.83047,-0.62651,
1/29/2025 14:00,1/29/2025,1/29/2025,FOMC Rate Decision (Scheduled),0,0,0.01,0.015,0,0,0.02,0.025,0.02,0.0238,0.02827,0.02399,0.01984,-0.35946,-0.3549,-0.14409,
3/19/2025 14:00,3/19/2025,3/19/2025,FOMC Rate Decision (Scheduled),0,0,-0.005,-0.005,0,-0.0025,-0.01,-0.035,-0.055,-0.05524,-0.04928,-0.0326,-0.0255,0.37776,0.35953,0.20227,
5/7/2025 14:00,5/7/2025,5/7/2025,FOMC Rate Decision (Scheduled),0,-0.005,-0.005,-0.01,0,0.0025,-0.005,-0.02,-0.03,-0.02751,-0.02277,-0.01615,-0.01518,-0.48466,-0.45349,0.08813,
6/18/2025 14:00,6/18/2025,6/18/2025,FOMC Rate Decision (Scheduled),0,0,0,-0.005,0,0.0025,-0.025,-0.04,-0.035,-0.02458,-0.0098,-0.0018,0.0088,-0.10658,-0.10321,0.13038,
7/30/2025 14:00,7/30/2025,7/30/2025,FOMC Rate Decision (Scheduled),0.0025,0.005,0,-0.005,0.005,0,-0.005,-0.005,-0.015,-0.00787,-0.00489,-0.0018,0.0044,-0.03987,-0.03896,0.03049,
