Date,Unscheduled,fomc_latest,main,FF1,FF2,FF3,FF4,MP1,ED1,ED2,ED3,ED4,TFUT02,TFUT05,TFUT10,TFUT30,SP500,SP500FUT,EUR,FF4_MR,NFP_SURP,NFP_12M,SP500_3M,SLOPE_3M,BCOM_3M,TR_SKEW
2/4/1988,1,,0,,,,,,-0.02,-0.02,-0.02,-0.01,,,-0.0091,-0.00333,0.11527,0.25766,,,151,3.0879,0.0017,-0.3132,0.0171,0.2407
2/5/1988,1,,0,,,,,,0.02,0.01,0.01,0.01,,,0.00449,0.00326,-0.16188,-0.19681,,,-93,3.0086,-0.0139,-0.3313,0.0272,0.2328
2/11/1988,0,2/11/1988,1,,,,,,0.01,0,-0.01,-0.02,,,0.00452,0.00331,-0.04682,-0.11685,,,-93,3.0086,0.0247,-0.132,0.0104,0.2957
3/30/1988,0,2/11/1988,1,,,,,,0.005,0.01,0,0,,,-0.0141,-0.0125,-0.2292,,,,331,3.2128,0.0314,0.3004,0.0277,0.7189
4/4/1988,1,2/11/1988,0,,,,,,0.02,0.01,0.01,0.01,,,-0.00473,-0.00719,-0.23604,-0.25109,,,62,3.2339,0.0568,0.2026,0.0277,0.7032
4/5/1988,1,2/11/1988,1,,,,,,0.03,0.03,0.04,0.03,,,0.00945,0.00717,-0.06204,0,,,62,3.2339,0.0327,0.3036,0.0114,0.701
4/6/1988,1,2/11/1988,0,,,,,,-0.01,-0.02,-0.02,-0.03,,,-0.01417,-0.00715,-0.16636,-0.21229,,,62,3.2339,0.0452,0.1849,-0.0027,0.6946
5/9/1988,1,2/11/1988,0,,,,,,0.02,0.02,0.03,0.02,,,0.01448,0.00741,-0.0428,0.0194,,,-80,3.1356,0.0207,0.1933,0.0319,0.4126
5/10/1988,1,2/11/1988,0,,,,,,0,0.02,0,0,,,0,-0.0037,0.09705,0.0967,,,-80,3.1356,0.017,0.1383,0.0292,0.3935
5/18/1988,0,5/18/1988,0,,,,,,0.02,0.02,0.01,0.02,,,0.00978,0.01139,-0.15283,-0.13719,,,-80,3.1356,-0.0087,0.1323,0.0611,0.2955
5/19/1988,0,5/18/1988,0,,,,,,0.01,0.02,0.01,0.02,,,0,0,0.10825,0.22042,,,-80,3.1356,-0.0332,0.1863,0.0562,0.2737
5/20/1988,0,5/18/1988,0,,,,,,0,-0.01,0,0.01,,,0,0,0.04753,0.11858,,,-80,3.1356,-0.026,0.1271,0.07,0.2542
5/25/1988,1,5/18/1988,0,,,,,,0.03,0.02,0.03,0.02,,,0.0098,0.01144,-0.00393,-0.19589,,,-80,3.1356,-0.0467,0.1776,0.0756,0.2182
5/26/1988,1,5/18/1988,1,,,,,,0.03,0.04,0.01,0.01,,,0.00983,0.01148,-0.13366,-0.27554,,,-80,3.1356,-0.0434,0.1687,0.0671,0.2154
6/17/1988,1,5/18/1988,1,,,,,,0.01,0.03,0.02,,,,0,0.0037,-0.0518,-0.1285,,,-14,3.1296,0.0136,-0.2175,0.1283,0.1728
6/20/1988,1,5/18/1988,0,,,,,,0,-0.02,-0.02,,,,-0.00487,-0.00748,0.04463,0.03689,,,-14,3.1296,0.0075,-0.2726,0.1349,0.1765
7/1/1988,0,7/1/1988,0,,,,,,0.01,-0.01,0.01,0.01,,0.00379,0.01426,0.01082,-0.07335,-0.14593,,,-14,3.1296,0.0504,-0.5275,0.0961,0.1617
7/19/1988,1,7/1/1988,1,,,,,,0.03,0.03,0.02,0.01,,0.00768,0.01464,0.00761,-0.28963,-0.40696,,,121,3.3068,0.0406,-0.4522,0.0744,0.2423
7/20/1988,1,7/1/1988,0,,,,,,0,0.01,0.02,0.02,,0.00768,0.00975,0.0038,0.1301,0,,,121,3.3068,0.0329,-0.4717,0.0676,0.2453
8/9/1988,1,7/1/1988,1,,,,,,0.14,0.15,0.12,0.14,,0.05776,0.03888,0.03003,-0.67647,-0.35191,,,35,3.1793,0.0423,-0.6643,0.0322,0.37
8/17/1988,0,8/17/1988,0,,,,,,0,0.03,0.02,0.02,,0.01556,0.01487,0.03109,-0.2335,-0.32514,,,35,3.1793,0.0146,-0.6532,0.0091,0.3355
9/21/1988,0,9/21/1988,1,,,,,,-0.01,-0.01,-0.01,-0.01,,-0.01149,-0.00957,-0.01093,0.09642,0.11007,,,-10,3.1277,-0.0035,-0.5758,-0.1183,0.1405
11/2/1988,0,11/2/1988,0,,,,,0.03214,0,0.01,0.01,0.01,,0.00756,0,0.0035,0.10404,0.16073,,,-28,3.2266,0.0249,-0.6204,-0.0537,0.2925
11/7/1988,1,11/2/1988,0,,,,,,0.01,0.03,0.03,0.03,,0.00763,0.01428,0.00718,-0.16412,-0.09093,,,93,2.9972,0.016,-0.5127,-0.0499,0.3262
11/8/1988,1,11/2/1988,1,,,,,,0.02,0.03,0.04,0.03,,0.01526,0.01426,0.02149,-0.07625,-0.09051,,,93,2.9972,0.0102,-0.516,-0.044,0.3426
12/15/1988,0,12/15/1988,1,,,,,0.01937,0.03,0.06,0.03,0.05,,0.03907,0.039,0.02186,0,-0.23333,,,213,3.0909,0.029,-0.697,-0.009,0.2195
1/6/1989,1,12/15/1988,0,,,,,,0.01,0.01,-0.01,-0.01,,-0.00786,0,-0.00363,-0.03199,-0.08807,,,29,3.0749,0.0313,-0.5609,0.0896,0.2581
1/9/1989,1,12/15/1988,1,,,,,,0,-0.01,-0.02,-0.02,,-0.00785,-0.00489,0,0.00713,0.0353,,,29,3.0749,0.0365,-0.6094,0.0936,0.2586
1/10/1989,1,12/15/1988,0,,,,,,0.01,0.02,0,0,,0,0,0,0.04637,-0.08841,,,29,3.0749,0.033,-0.5977,0.0808,0.2712
2/9/1989,0,2/9/1989,0,,,,,0,-0.03,-0.03,-0.03,-0.02,,-0.01169,0,0,0.17763,0.08327,,,153,3.2319,0.0777,-0.8891,0.0346,0.2802
2/14/1989,1,2/9/1989,0,,,,,0.02,0.03,0.03,0.03,0.03,,0.01569,0.00488,0.00726,-0.01022,-0.15243,,,153,3.2319,0.0679,-0.7009,0.0139,0.2484
2/23/1989,1,2/9/1989,1,,,,,,0.07,0.07,0.06,0.08,,0.01583,0,-0.00368,0.04134,-0.03431,,,153,3.2319,0.0948,-0.4929,0.0584,0.2321
2/24/1989,1,2/9/1989,0,,,,,,0,-0.01,0.02,0.03,,0.01975,0.03454,0.0294,-0.0108,-0.12099,,,153,3.2319,0.0917,-0.5739,0.062,0.2226
3/29/1989,0,3/29/1989,1,,,,,-0.07,-0.02,-0.01,-0.03,-0.02,,-0.00397,-0.01483,-0.00736,0.0137,0.08447,,,47,3.0365,0.05,-0.5872,0.029,0.2315
5/17/1989,0,5/17/1989,1,,,,,-0.02214,-0.02,-0.01,-0.01,-0.03,,-0.01154,-0.00473,0,0.01584,0.03149,,,-103,2.8789,0.0766,-0.0258,0.0353,0.2368
6/6/1989,1,5/17/1989,1,,,,,-0.0125,-0.03,-0.04,-0.05,-0.04,,-0.01879,-0.01824,-0.01317,0.09882,0.21545,,,-99,2.7727,0.1049,0.0926,-0.0209,0.246
7/7/1989,0,7/7/1989,1,,,,,-0.02583,-0.03,-0.04,-0.05,-0.03,,-0.0294,-0.02667,-0.01567,0.27878,0.41364,,,-18,2.5321,0.0851,0.4755,-0.0456,0.1813
7/25/1989,1,7/7/1989,0,,,,,,-0.03,-0.05,-0.05,-0.03,,-0.02203,-0.00887,-0.00315,0.06848,0.05907,,,-18,2.5321,0.0859,0.2418,-0.0812,0.1431
7/26/1989,1,7/7/1989,0,,,,,-0.01,-0.02,-0.01,-0.02,-0.01,,-0.01466,-0.00443,-0.00627,0.10164,0.07418,,,-18,2.5321,0.0755,0.3182,-0.0893,0.1307
7/27/1989,1,7/7/1989,0,,,,,,-0.01,-0.01,0,-0.02,,0,0.00441,0.00624,0.26775,0.18977,,,-18,2.5321,0.0909,0.3247,-0.0866,0.1143
8/23/1989,0,8/23/1989,1,,,,,0,-0.01,-0.02,-0.01,-0.02,,-0.00751,-0.00908,-0.00321,0.09061,-0.04368,,,9,2.3585,0.0603,0.1239,-0.0191,0.0107
10/4/1989,0,10/4/1989,0,,,,,0.03444,0.01,0.01,0,0,,0.0075,0.00453,0.00319,0.07874,0.05565,,,42,2.2883,0.1093,-0.1118,0.0096,0.0778
10/16/1989,1,10/4/1989,1,,,,,-0.20667,0.01,0,0.04,0.03,,0,0.01776,0.01548,0.8095,0.96048,,,-66,2.198,0.0112,-0.0911,0.0093,0.074
10/19/1989,1,10/4/1989,0,,,,,,0.01,0.01,0.01,0.01,,0,-0.00888,-0.0031,0.01446,0.02871,,,-66,2.198,0.0309,0.0623,0.0137,0.0403
11/7/1989,1,10/4/1989,1,,,,,-0.10435,-0.07,-0.07,-0.06,-0.05,,-0.04429,-0.03097,-0.0215,0.33369,0.59782,,,78,2.0489,-0.0334,-0.1385,0.0461,-0.1455
11/8/1989,1,10/4/1989,0,,,,,,0.01,0.01,0,0,,-0.00367,-0.0044,0,0.02072,-0.05885,,,78,2.0489,-0.0427,-0.0246,0.0489,-0.1405
11/9/1989,1,10/4/1989,0,,,,,,0.04,0.04,0.03,0.02,,0.02567,0.01755,0.01828,-0.16261,-0.30871,,,78,2.0489,-0.0326,0.1801,0.0461,-0.134
11/15/1989,0,11/15/1989,0,,,,,-0.02,0.01,0.01,0.01,0,,0.01098,0.00877,0.00913,-0.04727,-0.10283,,,78,2.0489,-0.0149,0.2085,0.0344,-0.1399
12/20/1989,0,12/20/1989,1,,,,,-0.16909,-0.04,-0.03,-0.03,-0.02,,-0.0073,0,0.00302,0.3031,0.15819,,,45,1.9827,-0.0124,-0.1006,0.0346,0.0476
2/8/1990,0,2/8/1990,1,-0.01,-0.01,-0.02,-0.02,-0.014,0.01,0.02,0,0.01,,0.01134,0.01382,0.01331,-0.1519,-0.28154,,-0.02,103,1.8748,-0.0115,0.2713,0.0251,0.1225
3/28/1990,0,3/28/1990,1,0,0,-0.01,-0.02,0,-0.01,-0.03,-0.03,-0.03,,-0.01142,-0.00464,-0.01007,-0.17591,-0.10154,,-0.02,150,1.8492,-0.0096,0.0817,0.0003,0.0354
5/16/1990,0,5/16/1990,1,0,0.01,0,0,0,-0.01,-0.02,-0.01,-0.02,,-0.01145,-0.00938,-0.01028,0.05109,0.25427,,0,-306,1.7291,0.0601,0.1777,0.0188,0.0404
7/5/1990,0,7/5/1990,0,0,-0.01,0,-0.02,0,0.01,0.01,0.01,0.01,,0.01129,0.00458,0.00661,-0.00841,-0.04165,,-0.02,-69,1.7645,0.0578,0.2076,-0.027,0.1552
7/13/1990,1,7/5/1990,1,-0.07999,-0.06,-0.08,-0.08,-0.13777,-0.03,-0.04,-0.04,-0.03,,-0.01884,0.00461,0.00334,0.0407,-0.10744,,-0.08,-60,1.6798,0.0681,0.2518,-0.0018,0.1549
8/22/1990,0,8/22/1990,1,0,0.01,0,0,0,0.01,0,0,0,,-0.00761,-0.00952,-0.01441,0.19733,0.07786,,0,-219,1.6091,-0.097,0.5741,0.1019,0.0283
10/3/1990,0,10/3/1990,0,0.01,-0.01,-0.04,-0.00999,0.01107,-0.01,0,-0.01,0,,-0.00753,-0.01407,-0.01058,-0.1207,0,,-0.00999,-42,1.3687,-0.1273,0.7041,0.1541,0.3869
10/29/1990,1,10/3/1990,1,-0.02,-0.03,-0.01,-0.02,-0.03,0.01,0,0.01,0,,0.00749,0.01398,0.01045,-0.52277,-0.53637,,-0.02,-101,1.0565,-0.1553,0.4977,0.1049,0.3832
11/14/1990,0,11/14/1990,1,0.01,0.02,0.02,0.01,0.01875,0.01,0.01,-0.01,-0.01,,0.00742,0.00914,0.0067,-0.01568,-0.07803,,0.01,-46,0.8244,-0.0645,0.0987,0.0266,0.5042
11/15/1990,0,11/14/1990,0,,,,,,0.005,0.01,0,-0.01,,0,0.0068,0.0033,-0.1873,,,,-46,0.8244,-0.0576,-0.0331,0.0063,0.5061
11/16/1990,0,11/14/1990,0,,,,,,0.005,0.005,0.01,0,,0.0037,0.0045,0.005,-0.4171,,,,-46,0.8244,-0.0702,-0.0492,-0.0057,0.5056
12/7/1990,1,11/14/1990,0,-0.07,-0.01,-0.02,-0.04,-0.09042,-0.03,-0.02,-0.02,-0.03,,-0.01464,-0.00893,-0.0064,0.08546,0.16721,,-0.04,-192,0.4294,0.0143,-0.2472,-0.102,0.4538
12/18/1990,0,12/18/1990,1,-0.09,-0.19,-0.09,-0.15,-0.21462,-0.14,-0.11,-0.09,0.02,,-0.08395,-0.04886,-0.04126,0.71884,0.95045,,-0.15,-192,0.4294,0.0286,-0.2314,-0.1175,0.5125
12/19/1990,0,12/18/1990,0,,,,,,0.015,0.03,0.035,0.025,,0,0.0111,0.0063,0.0977,,,,-192,0.4294,0.0379,-0.3073,-0.1164,0.5245
1/8/1991,1,12/18/1990,1,-0.1,-0.11,-0.06001,-0.1,-0.13478,-0.12,-0.12,-0.09,-0.1,-0.02449,-0.05144,-0.06304,-0.04586,0.36169,0.48769,,-0.1,75,0.3046,0.0129,0.1902,-0.1684,0.558
2/1/1991,1,12/18/1990,1,,,,-0.2,,-0.1,-0.085,-0.08,-0.075,-0.0212,-0.0182,-0.0022,0.0079,,,,-0.2,-230,-0.1265,0.1382,0.2561,-0.1654,0.4358
2/7/1991,0,2/7/1991,0,0,-0.01,-0.02,-0.01,0,0,-0.01,0,-0.01,0,0,0,0.00936,-0.22618,0,,-0.01,-230,-0.1265,0.1382,0.2561,-0.1654,0.4358
3/8/1991,1,2/7/1991,1,-0.02,-0.07,-0.06,-0.04,-0.02695,-0.06,-0.09,-0.06,-0.05,0.0049,-0.03319,-0.02706,-0.01636,0.48314,0.18428,,-0.04,-77,-0.6426,0.1483,0.5532,-0.0676,0.3753
3/27/1991,0,3/27/1991,0,0,-0.02,0.01,-0.02,-0.02,-0.01,-0.02,-0.02,-0.09,0,-0.0037,-0.00905,-0.00656,0.12454,0.22335,,-0.02,-77,-0.6426,0.1309,0.5763,-0.0671,0.4029
4/30/1991,1,3/27/1991,1,,,,-0.19,,-0.01,-0.025,-0.025,-0.0281,0.0049,-0.0037,-0.009,-0.0033,0.2102,,,-0.19,-60,-0.9789,0.1099,0.4157,0.005,0.2937
5/15/1991,0,5/15/1991,1,0.01,0,0,-0.02,0.01938,0,0,0.01,0.01,-0.00325,0.00368,0.00901,0.00983,-0.24255,-0.08057,,-0.02,11,-1.21,0.0336,0.5804,-0.0156,0.2772
7/5/1991,0,7/4/1991,1,0,-0.01,0.01,0.01,0,0.02,0.02,0.02,0,0.01639,0.0149,0.02292,0.02699,-0.00533,-0.10592,,0.01,-100,-1.3924,-0.0164,0.2781,-0.0531,0.2271
8/6/1991,1,7/4/1991,1,-0.15,-0.10001,-0.07,-0.11,-0.186,-0.12,-0.12,-0.11,-0.1,-0.02429,-0.05111,-0.03111,-0.02244,0.36092,0.60759,,-0.11,-101,-1.4048,0.0119,0.1991,-0.0173,0.2241
8/21/1991,0,8/21/1991,0,0.04,0.03,0.04,0.03,0.124,0,0.03,0.03,0.03,0.00483,0.0036,0,0.00314,0.12205,0.01296,,0.03,-101,-1.4048,0.0187,0.3766,-0.0084,0.1723
9/13/1991,1,8/21/1991,1,-0.03,0.00999,0,0,-0.05294,-0.01,0,0.01,0,0.02097,0.00359,-0.00433,0.00307,0.11105,-0.12814,,0,-6,-1.2005,0.0164,0.2512,0.0328,0.0715
10/2/1991,0,10/2/1991,0,-0.01,0.01,0,0,-0.01069,0,0,0.01,0,0,0,0.00429,0,-0.04619,-0.06377,,0,-6,-1.2005,0.0475,0.0072,0.055,0.0109
10/30/1991,1,10/2/1991,1,-0.02,-0.03001,-0.03,-0.04,-0.03001,-0.01,-0.01,-0.01,0,0.01118,-0.00706,0.00427,-0.00304,0.02805,0,,-0.04,-16,-1.0897,0.0215,0.4293,0.0507,0.0017
11/6/1991,0,11/6/1991,1,-0.08,-0.12,-0.09,-0.12,-0.1,-0.08,-0.09,-0.09,-0.09,0.00797,-0.05295,-0.03855,-0.03391,0.06689,-0.11554,,-0.12,-26,-0.9296,0.0094,0.5325,0.0532,0.0153
12/6/1991,1,11/6/1991,0,0,-0.09,-0.02,-0.01,0,0.01,0.01,0.01,0.03,0.01268,0.00695,0.00841,0.00898,0.0237,0.01315,,-0.01,-211,-0.8459,-0.0328,0.488,-0.0102,0.1184
12/18/1991,0,12/18/1991,0,0.02,0.02,0,0.01,0.04769,0,0.01,0.01,0.07,0.03162,0.00348,0,-0.00298,0.00262,0.03908,,0.01,-211,-0.8459,-0.0079,0.7107,-0.0528,0.114
12/20/1991,1,12/18/1991,1,-0.13448,-0.28966,-0.25862,-0.25862,-0.37898,-0.3,-0.3,-0.25,-0.23793,-0.18131,-0.12449,-0.09564,-0.04694,0.31868,1.02194,,-0.25,-211,-0.8459,-0.0115,0.6678,-0.0677,0.1162
2/6/1992,0,2/6/1992,1,0.01,0.01,-0.02,0,0.01261,-0.01,0,0.01,0,0.01263,0.00349,-0.00418,-0.00297,0.03621,0,,0,81,-0.7706,0.056,0.6223,-0.054,0.1156
4/1/1992,0,4/1/1992,0,0.01,-0.00999,0.06,-0.01,0.01035,0.01,0,0,0.02,0.0048,-0.00356,0,-0.00614,-0.14205,-0.07467,,-0.01,140,-0.3861,-0.0068,0.043,0.0293,0.0603
4/9/1992,1,4/1/1992,1,-0.15,-0.2,-0.17001,-0.19,-0.21429,-0.22,-0.25,-0.24,-0.24,-0.1508,-0.09875,-0.04273,-0.03047,0.75332,0.86548,,-0.19,-49,-0.1918,-0.0564,0.2022,0.0501,0.0812
5/20/1992,0,5/20/1992,1,0,0.02,0.03,0.00999,0,0.02,0.02,0.01,0.01,0.03151,0.00348,-0.00419,-0.0149,-0.04802,-0.024,,0.00999,51,0.1503,0.0094,0.0665,0.0295,0.121
7/2/1992,0,7/2/1992,1,-0.08,-0.09,-0.1,-0.3,-0.08552,0,0.02,0.04,0.04,0.0235,0.02056,0.02473,0.00878,0.22288,-0.03629,,-0.3,-212,0.3492,0.0242,0.4318,0.035,0.1317
8/19/1992,0,8/19/1992,1,0.01,0.01,0.01,0.01,0.02583,-0.01,0.01,-0.01,-0.01,0.01858,0,0,0,0.02617,0.02379,,0.01,88,0.4689,0.0271,0.0997,0.0057,0.1306
9/4/1992,1,8/19/1992,1,0,0,-0.01,0.01,0,-0.02,-0.01,0,-0.02,-0.00311,0.00334,0.0119,0.01945,-0.00719,0,,0.01,-233,0.5718,0.0081,0.2393,-0.0203,0.0769
10/7/1992,0,10/7/1992,1,0,0.00999,0.00999,0.01,0,0,0,0,0,0.02324,0.01002,0,-0.00571,-0.19372,-0.07365,,0.01,-7,0.5716,-0.0162,0.1587,-0.0024,0.0874
11/18/1992,0,11/18/1992,1,-0.02,-0.01,0.01,0,-0.04999,0,-0.01,0,0.01,0.01566,0,0.00407,0.00287,0.19022,0.35591,,0,2,0.7108,-0.0035,-0.1797,-0.0185,0.0899
12/23/1992,0,12/23/1992,1,0.00999,0,-0.02,-0.01,0.03873,-0.01,-0.01,-0.01,-0.04,0,-0.00343,0,0,-0.07718,-0.1019,,-0.01,45,0.9008,0.0421,-0.4627,-0.0506,0.1588
2/4/1993,0,2/4/1993,1,0,-0.02,-0.04,-0.02,0,0,-0.01,0,0,0,0.00669,0.00394,0,-0.05131,-0.07802,,-0.02,-27,1.0742,0.0659,-0.3879,-0.0281,0.1819
3/24/1993,0,3/24/1993,1,-0.01,0,0.01,0,0,0,0,0,0.04,0.01239,0.0033,0.00772,0.00523,-0.0844,-0.14413,,0,243,1.5864,0.0302,-0.1921,0.0177,0.0614
5/19/1993,0,5/19/1993,1,-0.01,-0.02,-0.02,-0.02,-0.02583,0,-0.01,-0.02,-0.03,-0.02011,-0.01319,-0.01545,-0.01857,0.16628,0.19366,,-0.02,-31,1.627,-0.0096,-0.2003,0.0272,0.1628
7/8/1993,0,7/8/1993,1,0.02,0,0,0,0.02696,0,-0.01,0,0,-0.0155,-0.00328,-0.00759,-0.00253,0.31433,0.23544,,0,-137,1.8536,0.0033,-0.6214,0.0266,0.2129
8/18/1993,0,8/18/1993,1,0,0.02,0.01,0.01,0,0.01,0,0,0,0.01546,0.00654,0.0113,0.00245,-0.05693,-0.09854,,0.01,12,2.0568,0.0304,-0.5749,0.0056,0.2566
9/22/1993,0,9/22/1993,1,0,0,0.01,0.01,0,0,0.01,0.01,-0.02,0.01547,0.0065,0.00747,0.00962,0.0022,-0.01097,,0.01,-189,2.077,0.0207,-0.3988,-0.0009,0.1882
11/17/1993,0,11/17/1993,1,0.01,0,0.01,0,0.02308,-0.01,-0.01,-0.01,0,0.00465,-0.00977,-0.01498,-0.00723,0.04721,-0.08583,,0,17,2.3535,0.0312,-0.2366,-0.0072,0.2434
12/22/1993,0,12/22/1993,1,0,-0.01,-0.01,-0.01,0,0,0,0,-0.08,0,0,0,0.00497,0.01719,-0.03212,,-0.01,37,2.4496,0.0223,0.2005,0.0043,0.2722
2/4/1994,0,2/4/1994,1,0.14,0.10001,0.08,0,0.16333,0.13,0.15,0.14,0.15,0.14319,0.12186,0.0684,0.03211,-0.64105,-0.7626,,0,-118,2.5209,0.0259,0.0798,0.0604,0.3304
3/22/1994,0,3/22/1994,1,0,-0.04,-0.04,0,-0.00001,-0.05,-0.05,-0.03,-0.05,-0.03486,-0.06157,-0.04815,-0.04026,0.29613,0.28682,,0,67,2.455,0.0112,-0.0504,0.0413,0.3204
4/18/1994,1,3/22/1994,1,0.06001,0.08,0.09,0.12,0.15001,0.07,0.09,0.09,0.12,0.06863,0.07701,0.0541,0.03442,-0.68128,-0.78502,,0.12,227,2.9102,-0.0608,0.1014,0.0045,0.3581
5/17/1994,0,5/17/1994,1,0.05,0.05,-0.02,0.05,0.11072,-0.02,-0.06,-0.06,-0.08,-0.06731,-0.09142,-0.07918,-0.08254,0.52219,0.52646,,0.05,92,2.941,-0.0617,-0.1224,0.0624,0.3859
7/6/1994,0,7/6/1994,1,-0.04,0,0,0,-0.0496,-0.02,-0.01,-0.01,-0.01,0.00322,0.00356,0.01275,0.01784,-0.22844,-0.07824,,0,-84,2.9874,0.0018,-0.4509,0.0758,0.4797
8/16/1994,0,8/16/1994,1,0.06,0.09,0,0,0.12399,0.08,0.04,0.01,0.01,-0.00483,-0.02475,-0.03347,-0.0462,0.25704,0.1836,,0,49,3.1438,0.0386,-0.249,0.0082,0.3992
9/27/1994,0,9/27/1994,1,-0.02,-0.09,-0.05,-0.03,-0.09,-0.02,-0.02,-0.01,0,0.00487,0.02886,0.02604,0.03703,-0.17136,-0.26979,,-0.03,-54,3.2642,0.0246,-0.054,0.0053,0.4458
11/15/1994,0,11/15/1994,1,0.06,0.08,0.05,0.08,0.12,0.04,0.03,0.03,0.03,0.00816,-0.00732,-0.01325,-0.03146,-0.44889,-0.91315,,0.08,-51,3.2786,0.0088,-0.1741,0.0368,0.171
12/20/1994,0,12/20/1994,1,-0.08,-0.14,-0.05,-0.05,-0.22546,-0.07,-0.01,0.01,0.02,0.01157,0.00369,0.00882,0.00913,0.10486,0,,-0.05,100,3.4085,-0.0286,-1.195,0.0169,0.2226
2/1/1995,0,2/1/1995,1,0.06001,0.03,0.03999,0,0.06223,0.06,0.07,0.06,0.05,0.05245,0.03646,0.02165,0.02082,-0.25438,-0.17962,,0,-4,3.3719,0.0098,-0.9254,0.008,0.2575
3/28/1995,0,3/28/1995,1,0.01,-0.01,0.01,0.02,-0.01,0.02,0.02,0.02,0.02,0.01299,0.01427,0.00839,0.00859,-0.15511,-0.08885,,0.02,86,3.4116,0.0906,0.1717,0.0213,0.3015
5/23/1995,0,5/23/1995,1,0,0.02,0,0,0.00001,-0.01,-0.02,-0.01,-0.01,0.00802,0.00694,0.00401,0.00526,-0.04189,0,,0,-159,3.016,0.0762,-0.1325,0.0308,0.2104
7/6/1995,0,7/6/1995,1,-0.09,-0.11,0,-0.15,-0.1116,-0.18,-0.26,-0.25,-0.25,-0.19909,-0.17063,-0.13282,-0.10505,0.2993,0.33528,,-0.15,-274,2.7078,0.0889,-0.3155,-0.0367,0.1121
8/22/1995,0,8/22/1995,1,0.01,0.03001,0.01,0,0.03443,0.05,0.05,0.06,0.04,0.03206,0.03125,0.02409,0.02638,-0.18269,-0.17867,,0,-70,2.3882,0.0715,0.0927,-0.0018,0.1481
9/26/1995,0,9/26/1995,1,0,0.03001,0.03,0.03,0.03001,0.07,0.07,0.08,0.05,0.04793,0.04122,0.03557,0.02292,-0.16138,-0.28127,,0.03,84,2.3567,0.0543,0.068,0.0228,0.0451
11/15/1995,0,11/15/1995,1,0.02,0.02,0.03,0,0.03999,0.04,0.03,0.02,0.02,0.0238,0.02027,0.01543,0.00726,-0.06111,-0.05076,,0,-14,2.2024,0.0514,-0.3379,0.0341,0.0427
12/19/1995,0,12/19/1995,1,-0.035,-0.07,-0.06,-0.05,-0.09041,-0.05,-0.03,-0.03,-0.04,-0.04431,-0.02348,-0.02668,-0.01901,0.25709,0.26922,,-0.05,6,1.9613,0.0394,-0.1092,0.0321,-0.011
1/31/1996,0,1/31/1996,1,0,-0.03,-0.01,-0.02,-0.03,-0.02,-0.03,-0.04,-0.04,-0.04241,-0.03308,-0.01869,-0.00695,0.05541,0.05523,,-0.02,11,1.8329,0.0886,0.2743,0.0398,0.0356
3/26/1996,0,3/26/1996,1,0,0.02,0.01,-0.01,0.02,0.02,0.02,0.03,,0.03189,0.01714,0.01582,0.01283,0.15989,0.09139,,0.00999,409,1.7339,0.0703,0.3733,0.0607,0.1235
5/21/1996,0,5/21/1996,1,0.005,-0.005,0.01,0.01,0.0155,0,0.01,0.01,0.03,0.01281,0.01734,0.01211,0.01593,-0.19289,-0.2515,,0,-126,1.7704,0.033,-0.0179,0.0741,0.223
7/3/1996,0,7/3/1996,1,-0.055,-0.04,-0.04,-0.03,-0.06089,-0.06,-0.02,-0.02,-0.01,-0.02413,-0.01048,-0.00407,0.00268,0.1534,0.05908,,-0.03,178,2.0623,0.0426,-0.01,-0.0531,0.203
8/20/1996,0,8/20/1996,1,-0.01,-0.01,0,0.005,-0.02818,-0.01,0,0.01,0,0.0048,0.00692,0.01199,0.01047,-0.1306,-0.05991,,0,3,2.2234,0.0026,-0.1601,-0.0483,0.181
9/24/1996,0,9/24/1996,1,-0.025,-0.13,-0.13,-0.12,-0.13,-0.1,-0.09,-0.08,,-0.05631,-0.05247,-0.02853,-0.01618,0.00873,-0.06494,,-0.13,13,2.1545,0.0362,-0.1311,0.0121,0.1717
11/13/1996,0,11/13/1996,1,0,0,0,-0.01,0,-0.02,-0.01,-0.01,-0.03,-0.01115,-0.01365,-0.01174,-0.01998,0.25457,0.28636,,-0.01,15,2.2071,0.0915,-0.1585,-0.0033,0.1935
12/17/1996,0,12/17/1996,1,0,0.01,0,-0.01,0,-0.01,0,0,,0.02398,0.00345,0.00794,0.00256,-0.06073,-0.16391,,-0.01,-57,2.3262,0.0577,-0.1737,0.0318,0.0928
2/5/1997,0,2/5/1997,1,-0.025,0,-0.01,0,-0.03043,-0.01,0,0.01,0.03,0.01278,0.01723,0.01587,0.02317,-0.30367,-0.35273,,0,87,2.3553,0.1125,-0.0452,0.0571,0.2813
3/25/1997,0,3/25/1997,1,0.0175,0.05,0.035,0.05,0.05,0.045,0.06,0.06,,0.07258,0.0526,0.04082,0.04016,-0.45395,-0.49969,,0.04,116,2.4468,0.078,-0.0371,0.0089,0.2871
5/20/1997,0,5/20/1997,1,-0.035,-0.09,-0.06,-0.09,-0.09864,-0.07,-0.055,-0.045,-0.045,-0.03699,-0.02096,-0.01217,0.00265,0.48372,0.41779,,-0.09,-56,2.5913,0.0261,-0.0138,0.0567,0.2002
7/2/1997,0,7/2/1997,1,-0.025,-0.015,-0.02,-0.02,-0.02672,-0.01,0,-0.005,0,-0.01283,-0.00693,-0.004,-0.00774,0.1788,0.19931,,-0.02,-87,2.5303,0.1629,-0.1752,-0.074,0.142
8/19/1997,0,8/19/1997,1,0,0,0.005,0,0,0,0,0.015,0.01,0.00798,0.01372,0.01184,0.01506,-0.37221,-0.48649,,0.01,118,2.5469,0.0805,-0.121,-0.0892,0.0573
9/30/1997,0,9/30/1997,1,-0.005,-0.01,0,-0.015,-0.01,-0.005,-0.01,0.005,,-0.00479,0.00342,0.00786,0.00743,-0.19196,-0.25975,,0,-31,2.3767,0.0759,-0.2284,0.0293,0.1042
11/12/1997,0,11/12/1997,1,-0.03,-0.03,-0.025,-0.02,-0.05,-0.03,-0.025,-0.03,-0.03,-0.01594,-0.02382,-0.01551,-0.01678,-0.3511,-0.49957,,0,74,2.6659,-0.0142,-0.2558,0.0061,0.0073
12/16/1997,0,12/16/1997,1,0,0,0,0,0,-0.005,-0.01,-0.005,,-0.00796,-0.00339,-0.00385,-0.00468,-0.08456,-0.17323,,-0.01,204,2.6766,0.0418,-0.55,-0.0399,-0.035
2/4/1998,0,2/4/1998,1,0.03,0.005,0.005,0.01,0.035,0.01,0.015,0.015,0.025,0.01266,0.01,0.00757,0.0023,-0.19164,-0.30652,,0,170,2.7727,0.0903,-0.1956,-0.0846,-0.0704
3/31/1998,0,3/31/1998,1,-0.005,-0.005,-0.01,-0.005,-0.005,0,-0.005,0.005,,0,0,0.00384,0.00467,-0.13567,-0.05374,,0,60,2.7104,0.1523,0.1287,-0.0243,0.0555
5/19/1998,0,5/19/1998,1,-0.015,-0.03,-0.02,-0.02,-0.03875,-0.03,-0.01,-0.01,-0.01,-0.0159,-0.01012,-0.00383,0,-0.12953,-0.24192,0.22619,-0.01,-8,2.5521,0.0767,-0.0558,-0.065,0.1501
7/1/1998,0,7/1/1998,1,0.01,-0.02,-0.035,0.00999,0.01033,0.005,0,0.005,0.005,0.00476,0.00334,0,0,0.02716,0.08682,-0.21109,0.00999,71,2.6532,0.0345,-0.1373,-0.0599,-0.0596
8/18/1998,0,8/18/1998,1,0.005,-0.005,0.01,0.02,0.01192,0,0,0,0,-0.00476,0,0,0,0.04839,0.15457,0,0.01,11,2.4845,-0.0306,-0.1487,-0.0844,-0.0318
9/29/1998,0,9/29/1998,1,-0.0025,0.06,0.06,0.07,0.06,0.05,0.01,0.015,,0.0078,0.0032,-0.00353,-0.01051,-0.6975,-1.01389,0.08927,0.07,15,2.7682,-0.074,0.0371,-0.0299,-0.3694
10/15/1998,1,9/29/1998,1,-0.085,-0.185,-0.14,-0.15,-0.16469,-0.235,-0.27,-0.275,-0.275,-0.217,-0.18722,-0.11969,-0.05084,2.09497,2.12158,0,-0.25,-131,2.5313,-0.1579,0.3174,-0.0149,-0.2862
11/17/1998,0,11/17/1998,1,-0.03,-0.03,-0.05,-0.04,-0.06923,-0.035,-0.03,0.005,0,0.02657,-0.00323,-0.00359,-0.00432,0.63962,0.59618,0.10168,0,-59,2.4133,0.0665,0.2009,0.0016,-0.0053
12/22/1998,0,12/22/1998,1,-0.01,0,0,0.01,-0.03444,0.01,-0.01,-0.01,,0,0.00322,0.00357,-0.00644,-0.1237,-0.13973,0.00426,0,97,2.3822,0.1648,0.1502,-0.1066,-0.1152
2/3/1999,0,2/3/1999,1,0.005,-0.02,0.01,0.01,0.0056,-0.005,0.01,0.01,0.005,0.01567,0.013,0.01447,0.01535,0.17015,0.19604,0.00884,0,178,2.4169,0.1668,-0.18,-0.0866,-0.0983
3/30/1999,0,3/30/1999,1,0,-0.005,-0.01,-0.02,-0.005,-0.02,-0.02,-0.025,,-0.03939,-0.01314,-0.00747,-0.00465,-0.16838,-0.17466,0.00933,-0.02,25,2.4494,0.0849,0.4324,0.0835,0.1812
5/18/1999,0,5/18/1999,1,-0.01,-0.015,0.03,0.04,-0.02385,0.015,0.11,0.145,0.155,0.10771,0.11032,0.08806,0.07223,-1.38561,-1.45661,0.10758,0.04,9,2.4801,0.0659,0.4327,0.0953,0.0423
6/30/1999,0,6/30/1999,1,-0.005,-0.05,-0.06,-0.07,-0.05,-0.08,-0.1,-0.1,,-0.09249,-0.11855,-0.06651,-0.0445,1.60132,1.72134,0.34882,-0.07,-209,2.328,0.0521,0.1831,0.0195,0.2943
8/24/1999,0,8/24/1999,1,0.015,0.0425,0.01,0.025,0.0425,0.02,0,0,-0.02,0,-0.01685,-0.0117,-0.00741,0.59237,0.60613,-0.30949,0.015,110,2.5147,0.0159,0.0064,0.1224,0.092
10/5/1999,0,10/5/1999,1,-0.04,-0.025,0,0.04,-0.04769,0.035,0.07,0.095,0.1,0.07665,0.08506,0.05934,0.0561,-0.81193,-0.87072,0.3223,0.04,-91,2.36,-0.0569,0.0936,0.1164,0.1671
11/16/1999,0,11/16/1999,1,0.035,0.085,0.085,0.055,0.075,0.05,0.075,0.07,0.06,0.07984,0.05086,0.03523,0.03234,-0.32364,-0.35336,0.09698,0.06001,12,2.5117,0.049,-0.3746,0.0665,0.0717
12/21/1999,0,12/21/1999,1,0.005,-0.01,0,-0.005,0.0155,0.01,0.05,0.04,,0.0416,0.03362,0.03824,0.05073,0.48527,0.44944,0.02478,-0.005,24,2.5163,0.0601,-0.2223,0.0403,0.2893
2/2/2000,0,2/2/2000,1,-0.055,-0.04,-0.015,0.01,-0.05907,-0.02,-0.005,0,0.015,0.03642,0.04045,0.03456,0.00288,-0.3357,-0.31707,0.05623,0.005,90,2.4639,0.0486,-0.5055,0.0961,0.1556
3/21/2000,0,3/21/2000,1,-0.01,-0.025,0,-0.01,-0.031,-0.005,-0.005,0.005,,0.01156,0.01455,-0.00422,-0.01102,-0.03942,0.10062,0.07769,-0.00999,-180,2.3161,0.0302,-0.5844,0.0548,0.0141
5/16/2000,0,5/16/2000,1,0.02,0.05,0.05,0.055,0.04133,0.06,0.055,0.05,0.045,0.0498,0.05149,0.02574,0.00283,-0.64349,-0.68027,0.11041,0.07,20,2.5247,0.0248,-0.5755,0.0427,0.166
6/28/2000,0,6/28/2000,1,0,-0.02,-0.02,-0.015,-0.02,-0.025,-0.03,-0.035,,-0.04125,-0.02169,-0.01046,-0.00827,0.26977,0.26972,0.11646,-0.01501,-129,2.5266,-0.0517,-0.1334,0.0671,0.2425
8/22/2000,0,8/22/2000,1,0.005,-0.005,0,0.11,0.01722,0,0.015,0.02,0.02,0.00328,0.01072,0.00819,0.01051,-0.15955,-0.17883,0.06682,0.005,-182,2.1442,0.0424,-0.3429,0.0126,0.1516
10/3/2000,0,10/3/2000,1,0,0,0.0075,0.02,0,0.02,0.035,0.045,0.05,0.04082,0.04247,0.03059,0.01081,-0.22039,-0.27211,-0.25147,0.025,-70,2.0337,-0.0043,0.1041,0.0322,0.1141
11/15/2000,0,11/15/2000,1,-0.005,0,0.005,0.0025,-0.01,0,0.01,0.01,0,0,-0.01409,-0.01207,-0.02352,-0.6872,-0.78769,-0.11673,0,-46,1.6555,-0.0756,0.1119,0.0729,0.083
12/19/2000,0,12/19/2000,1,0.025,0.04,0.015,0.005,0.06458,0.03,0.02,0.01,,0.01611,0.01721,0.01551,0.02231,-0.56081,-0.58845,0.1122,-0.005,-54,1.5862,-0.1027,-0.142,-0.0032,-0.0889
1/3/2001,1,12/19/2000,1,-0.35,-0.185,-0.155,-0.17,-0.3875,-0.12,-0.135,-0.09,-0.06,0.024,0.07157,0.07263,0.08062,4.51038,4.55309,-0.42445,-0.15,-54,1.5862,-0.1279,0.0156,0.0084,-0.2141
1/31/2001,0,1/31/2001,0,0,0.03,0.03,0.01,0.03,0.03,-0.005,-0.03,-0.045,0.00798,0.00682,0.0077,0.00499,-0.51737,-0.43447,0.20371,0.03001,-10,1.4702,0.0064,0.85,0.0648,-0.148
3/20/2001,0,3/20/2001,1,0.02,0.025,-0.005,-0.07,0.05636,-0.04,-0.065,-0.08,,-0.05551,-0.03354,-0.01893,-0.01209,-0.60045,-0.59072,0,-0.075,60,1.2626,-0.158,0.9985,-0.058,-0.2049
4/18/2001,1,3/20/2001,1,-0.185,0.505,-0.445,-0.44,-0.4625,-0.35,-0.305,-0.325,-0.24,-0.15427,-0.12903,-0.04274,-0.00773,2.32456,2.41875,0.99972,-0.37,-149,0.8678,-0.1073,0.7248,-0.0406,-0.297
5/15/2001,0,5/15/2001,1,-0.05,-0.085,-0.12,-0.12,-0.09687,-0.1,-0.135,-0.13,-0.15,-0.08732,-0.06154,-0.02751,0.01324,0.37291,0.45467,-0.13657,-0.14,-258,0.4328,-0.0648,1.1104,-0.0345,-0.0058
6/27/2001,0,6/27/2001,1,0.015,0.1,0.085,0.075,0.1,0.07,0.07,0.075,,0.06336,0.02724,0.00971,0.00256,-0.52379,-0.45091,-0.08123,0.075,6,0.2306,0.0653,0.9239,-0.0516,-0.0847
8/21/2001,0,8/21/2001,1,0.015,0.0125,-0.02,0.015,0.0465,-0.01,-0.045,-0.045,-0.04,-0.02359,-0.0134,0,0,-0.6934,-0.73012,0.69416,-0.02,8,-0.0416,-0.0953,0.0462,-0.0704,-0.0308
9/17/2001,1,8/21/2001,1,,,,,,,,,,,,,,,,,-0.045,-68,-0.1567,-0.156,0.5609,-0.0129,-0.1362
10/2/2001,0,10/2/2001,1,-0.03,-0.045,-0.045,-0.04,-0.03207,-0.06,-0.06,-0.06,-0.07,-0.03873,-0.02284,0.00184,0.01205,-0.35196,-0.33565,0.15812,-0.04,-68,-0.1567,-0.1654,0.6437,-0.0665,-0.1225
11/6/2001,0,11/6/2001,1,-0.11,-0.135,-0.135,-0.145,-0.1375,-0.16,-0.15,-0.16,-0.17,-0.09222,-0.06753,-0.03594,0.00459,0.6426,0.60846,-0.06681,-0.14,-140,-0.6823,-0.0882,0.7663,-0.1221,-0.1153
12/11/2001,0,12/11/2001,1,-0.005,0,-0.03,-0.035,-0.00775,-0.01,-0.06,-0.1,-0.1,-0.07028,-0.0603,-0.03848,-0.0207,0.26526,0.32276,0.08417,-0.03,-131,-1.0709,0.0056,1.497,-0.1117,-0.0448
1/30/2002,0,1/30/2002,1,0,0.0175,0.02,0.025,0.0175,0.02,0.03,0.03,0.03,0.00777,-0.00332,-0.00759,-0.01006,-0.03735,-0.02733,-0.04636,0.02,46,-1.3151,0.0141,0.4921,-0.0038,0.0799
3/19/2002,0,3/19/2002,1,-0.0125,-0.02,-0.035,-0.04,-0.03229,-0.05,-0.08,-0.08,,-0.0505,-0.05441,-0.03928,-0.02378,-0.33914,-0.38345,0.06804,-0.045,66,-1.5589,0.025,-0.4401,0.1362,0.0967
5/7/2002,0,5/7/2002,1,0.005,0.0075,0,-0.02,0.00646,-0.02,-0.03,-0.04,-0.06,-0.02801,-0.01995,-0.01526,-0.01521,-0.29932,-0.31254,0.12575,-0.02,-10,-1.3981,-0.0711,-0.0041,0.1151,0.1683
6/26/2002,0,6/26/2002,1,-0.0025,0.005,0.005,0,0.005,0.02,0.01,0.01,,0,0.00982,0.0093,0.00248,-0.48238,-0.52165,0.16194,-0.01,-24,-1.3527,-0.1628,0.0634,0.0229,0.145
8/13/2002,0,8/13/2002,1,0.02,0.025,-0.015,-0.04,0.03444,-0.02,-0.07,-0.16,-0.2,-0.09914,-0.06299,-0.05655,-0.03937,-0.60374,-0.6289,0.10194,-0.04,-49,-1.2087,-0.1716,-0.1693,0.0119,-0.0863
9/24/2002,0,9/24/2002,1,0.0125,0.02,0.005,-0.005,0.02,0,-0.02,-0.03,,-0.01521,-0.02473,-0.01721,-0.00438,-1.01173,-1.00711,0.17331,-0.005,9,-1.0944,-0.1882,-0.6156,0.09,0.0422
11/6/2002,0,11/6/2002,1,-0.165,-0.135,-0.1075,-0.075,-0.20625,-0.08,-0.06,-0.06,-0.07,-0.04552,-0.06226,-0.03672,-0.03229,-0.53662,-0.52695,0.47525,-0.085,-5,-0.6342,0.0924,-0.1408,0.0819,0.259
12/10/2002,0,12/10/2002,1,0,0,0.0075,0.005,0,0,0.01,0.03,0.035,0.01526,0.01264,0.01063,0.00921,-0.2987,-0.27761,0.03964,0.01,-65,-0.4004,-0.0022,0.3279,0.0083,0.2501
1/29/2003,0,1/29/2003,1,0,0.0075,0.015,0.025,0.0075,0.03,0.04,0.055,0.05,0.04548,0.04702,0.02981,0.03872,0.15934,0.17467,-0.08307,0.03,-121,-0.394,-0.0429,0.1958,0.1135,0.3581
3/18/2003,0,3/18/2003,1,0.01,0.0125,-0.005,-0.0075,0.02385,0.01,0,0.005,,-0.01519,-0.0125,-0.01744,-0.00896,-0.43291,-0.46485,0.04236,-0.02,-328,-0.2213,-0.0472,-0.1379,0.0374,0.2112
5/6/2003,0,5/6/2003,1,0.0125,0.015,-0.025,-0.05,0.0155,-0.03,-0.08,-0.115,-0.15,-0.09818,-0.08047,-0.04842,-0.0286,0.12916,0.12818,0.25921,-0.04,2,-0.3374,0.0926,-0.0631,-0.0669,0.4132
6/25/2003,0,6/25/2003,1,0.025,0.1325,0.115,0.105,0.1325,0.115,0.11,0.13,,0.07214,0.05147,0.0333,0.0062,-0.20488,-0.18285,-0.22882,0.105,8,-0.3343,0.0934,-0.5072,0.0205,0.1779
8/12/2003,0,8/12/2003,1,0.0025,0.0025,-0.0025,-0.005,0.00408,-0.01,-0.015,-0.045,-0.08,-0.04552,-0.05025,-0.03744,-0.02154,-0.07643,-0.051,0.16793,0,-54,-0.3076,0.0635,0.6388,-0.0055,0.3886
9/16/2003,0,9/16/2003,1,-0.0025,0,0.0025,-0.0025,-0.00536,0,-0.005,0.005,0,-0.01138,-0.01574,-0.0107,-0.00714,0.09982,0.10783,0.0358,0,-108,-0.3329,0.0162,1.0435,0.017,0.4123
10/28/2003,0,10/28/2003,1,0,-0.0025,0,-0.005,-0.0025,-0.025,-0.08,-0.12,-0.125,-0.11775,-0.12256,-0.08687,-0.07016,-0.0135,-0.02896,0.3164,-0.01,77,-0.1887,0.032,-0.1568,0.0932,0.4962
12/9/2003,0,12/9/2003,1,-0.0025,0,-0.005,0.005,-0.00352,-0.002,0,0.05,0.08,0.0726,0.10169,0.09313,0.09158,-0.11632,-0.12197,0.10624,0.005,-90,-0.1034,0.0458,-0.4422,0.1343,0.3127
1/28/2004,0,1/28/2004,1,0,0,0.0075,0.0075,0,0.025,0.11,0.185,0.24,0.20112,0.23199,0.15835,0.13003,-0.91791,-0.91989,-1.18208,0.005,-147,0.0958,0.1047,-0.2009,0.1006,0.3732
3/16/2004,0,3/16/2004,1,0,0,0,-0.0075,0,-0.025,-0.055,-0.085,-0.095,-0.07952,-0.08358,-0.06341,-0.04966,-0.05315,-0.03607,-0.08563,-0.005,-104,0.2901,0.0409,-0.4018,0.0873,0.5725
5/4/2004,0,5/4/2004,1,-0.0075,-0.01,-0.0025,0.005,-0.00861,-0.005,0.005,0.01,0.015,0.00383,0.01927,0.01997,0.03601,0.36501,0.35826,0.0207,-0.005,208,0.694,-0.0148,-0.037,0.0859,0.5362
6/30/2004,0,6/30/2004,1,0,-0.0075,-0.02,-0.03,-0.0075,-0.035,-0.03,-0.03,-0.02,-0.00388,0.00325,0.01287,0.0145,0.26758,0.23771,0.07802,-0.01,28,1.1432,0.0241,-0.1179,-0.0557,0.2354
8/10/2004,0,8/10/2004,1,0.01,0.015,0.035,0.0475,0.01476,0.035,0.045,0.05,0.05,0.04614,0.03508,0.01959,0.01147,-0.30232,-0.32681,-0.30121,0.03999,-193,1.2716,-0.0515,-0.6782,-0.0324,0.2273
9/21/2004,0,9/21/2004,1,0,-0.005,-0.0025,0,0,-0.015,-0.015,-0.02,-0.03,-0.0154,-0.02857,-0.02821,-0.03346,0.0293,0.00888,0.39433,-0.01,-6,1.3606,-0.0087,-0.598,0.0101,0.0504
11/10/2004,0,11/10/2004,1,0,0,0,-0.01,0,-0.01,-0.025,-0.04,-0.05,-0.03481,-0.03519,-0.02497,-0.02264,0.1175,0.14569,0.08149,-0.00999,157,1.5186,0.0887,-0.5815,0.0666,0.2308
12/14/2004,0,12/14/2004,1,0,0,-0.005,-0.01,0,-0.01,-0.015,-0.02,-0.02,-0.01166,-0.00964,-0.01422,-0.01558,0.06497,-0.03324,0.13911,-0.005,-87,1.5415,0.0644,-0.7018,0.035,0.2797
2/2/2005,0,2/2/2005,1,-0.005,0,-0.005,-0.005,-0.00538,-0.005,-0.01,-0.02,-0.02,-0.0117,-0.01616,-0.01603,-0.01963,0.01929,0.01678,0.07288,0,-18,1.5493,0.0535,-0.7645,-0.0329,0.3828
3/22/2005,0,3/22/2005,1,0,-0.005,0.005,0.015,0,0.03,0.075,0.09,0.105,0.0827,0.1158,0.09784,0.09441,-0.33953,-0.36112,-0.42911,0.01,43,1.676,-0.0184,-0.2763,0.102,0.3907
5/3/2005,0,5/3/2005,1,0,0,0.005,0.015,0,0.015,0.025,0.035,0.035,0.0314,0.02606,0.01257,0.00872,0.15831,0.38635,-0.12422,0.01,-115,1.5249,-0.0106,-0.4737,0.0713,0.3198
6/30/2005,0,6/30/2005,1,0,0,0.01,0.02,0,0.04,0.06,0.055,0.06,0.04318,0.02596,0.0088,-0.00209,-0.41325,-0.44095,-0.08276,0.015,-97,1.5028,0.0292,-0.6803,-0.0028,0.179
8/9/2005,0,8/9/2005,1,0,0,-0.01,-0.01,0,-0.01,-0.0225,-0.025,-0.025,-0.01979,-0.02321,-0.01823,-0.01761,0.21427,0.20262,0.2104,-0.01,27,1.8389,0.0422,-0.4154,0.086,0.2122
9/20/2005,0,9/20/2005,1,0.01,0.0325,0.04,0.0325,0.03,0.03,0.015,0.015,0.015,0.01579,0.00657,-0.00543,-0.03484,-0.15015,-0.12921,-0.23044,0.03,-21,1.921,0.0164,-0.0988,0.0927,0.1415
11/1/2005,0,11/1/2005,1,0,-0.0025,0.0025,-0.0025,0,0,0.01,0.01,0.01,0.01193,0.00669,0.00371,-0.00226,0.2192,0.22367,-0.06249,0,108,1.852,-0.0223,-0.0457,0.0693,0.1846
12/13/2005,0,12/13/2005,1,0,0,-0.005,-0.005,0,-0.0025,-0.025,-0.04,-0.045,-0.02785,-0.02676,-0.01856,-0.01129,0.52662,0.51047,0.24272,-0.005,6,1.8632,0.0151,-0.1342,0.0957,0.318
1/31/2006,0,1/31/2006,1,0,0.005,0.005,0.02,0.005,0.03,0.03,0.03,0.04,0.03583,0.03683,0.03152,0.02459,-0.22803,-0.23364,-0.37037,0.025,-92,1.8873,0.0715,-0.2175,0.0669,0.2257
3/28/2006,0,3/28/2006,1,0,0.005,0.02,0.0275,0.005,0.03,0.045,0.055,0.06,0.04797,0.05076,0.03773,0.02996,-0.62108,-0.64888,-0.39037,0.03,43,2.0085,0.0328,-0.0829,-0.0166,0.2572
5/10/2006,0,5/10/2006,1,0,0.005,0.0275,0.035,0,0.04,0.05,0.065,0.06,0.05615,0.05123,0.03843,0.02892,-0.19309,-0.15852,-0.043,0.035,-62,1.9984,0.0472,0.3033,0.1311,0.1461
6/29/2006,0,6/29/2006,1,0,-0.015,-0.02,-0.03,-0.015,-0.04,-0.05,-0.045,-0.04,-0.04029,-0.03786,-0.01552,-0.00487,0.54151,0.53603,0.81078,-0.025,-105,1.8968,-0.0437,0.0096,0.0699,0.0993
8/8/2006,0,8/8/2006,1,-0.03,-0.04,-0.035,-0.04,-0.04043,-0.035,-0.035,-0.03,-0.03,-0.02805,-0.01696,-0.00569,0.00934,-0.2469,-0.24218,0.12067,-0.035,-33,1.6432,-0.0282,-0.3486,0.0191,0.0834
9/20/2006,0,9/20/2006,1,0,0,0,0,0,0.01,0.025,0.025,0.025,0.01998,0.02022,0.01124,0.00456,-0.26777,-0.28435,-0.10233,0,3,1.6174,0.0515,-0.123,-0.0258,-0.0306
10/25/2006,0,10/25/2006,1,0,-0.005,-0.005,-0.005,-0.005,-0.005,-0.01,-0.01,-0.015,-0.004,-0.01353,-0.01507,-0.01836,-0.07474,-0.07226,0.11912,-0.005,-74,1.6752,0.0883,-0.076,0.0352,-0.0427
12/12/2006,0,12/12/2006,1,-0.0025,0,-0.005,-0.01,-0.00408,-0.005,-0.015,-0.05,-0.06,-0.04778,-0.04005,-0.02766,-0.02428,0.26109,0.18988,0.39603,-0.005,22,1.5195,0.0842,-0.1942,0.0896,-0.1426
1/31/2007,0,1/31/2007,1,0,0,0,0,0,-0.005,-0.005,-0.01,-0.02,-0.00802,-0.00339,-0.01135,-0.01156,0.4816,0.48713,0.10754,-0.005,52,1.5352,0.0367,0.0374,0.0085,-0.0421
3/21/2007,0,3/21/2007,1,-0.0025,0,-0.0075,-0.015,-0.00775,-0.045,-0.095,-0.115,-0.12,-0.08357,-0.06675,-0.04624,-0.03808,0.81634,0.83145,0.47622,-0.01501,-3,1.3349,-0.0004,0.0426,0.0117,-0.4436
5/9/2007,0,5/9/2007,1,0,0.005,0,0.01,0,0.01,0.03,0.055,0.06,0.03991,0.03689,0.02047,0.01587,-0.13457,-0.13214,-0.14401,0.005,-18,1.191,0.0401,-0.0474,0.0762,-0.075
6/28/2007,0,6/28/2007,1,0.0025,0,0,0,0,0.005,0.005,0.02,0.0275,0.01603,0.01365,0.00768,0.00719,-0.27362,-0.27603,-0.03717,0,17,1.2734,0.0468,0.3262,0.0262,0.5667
8/7/2007,0,8/7/2007,0,0.005,0.005,0.01,0.0025,0.00646,0,-0.02,-0.035,-0.045,-0.03979,-0.02682,-0.01122,-0.0023,-1.07689,-1.00517,0.07997,0,-38,1.1072,-0.0234,0.412,-0.0119,-0.192
8/10/2007,1,8/7/2007,0,0.0075,0.005,0.0025,-0.005,0.01107,0.01,-0.005,-0.005,-0.005,0.00398,-0.01006,-0.01122,-0.00931,-1.18487,-0.0208,-0.02559,0.015,-38,1.1072,-0.0369,0.519,0.0077,-0.3049
8/17/2007,1,8/7/2007,1,0.015,0.0275,0.035,-0.0225,0.03321,-0.055,-0.055,-0.0325,-0.03,-0.00792,0.01993,0.02961,0.04159,1.00788,2.37716,0.27814,-0.04,-38,1.1072,-0.0618,0.7095,-0.0283,-0.4629
9/18/2007,0,9/18/2007,1,-0.085,-0.1825,-0.1525,-0.1575,-0.2125,-0.18,-0.19,-0.175,-0.16,-0.1184,-0.04959,-0.01831,0.02019,1.32029,1.33786,0.5028,-0.17,-117,0.9676,-0.0309,0.114,0.0196,-0.7005
10/31/2007,0,10/31/2007,1,0,-0.025,0.0125,0.0225,-0.025,0.02,0.06,0.075,0.085,0.07081,0.06248,0.03457,0.03345,-0.41526,-0.43398,-0.00692,0.03,0,0.9297,0.038,0.3812,0.0919,-0.2769
12/11/2007,0,12/11/2007,1,0.025,0.045,0.0325,0.03,0.03875,0.1825,0.125,0.015,-0.0575,-0.13974,-0.11216,-0.07583,-0.05603,-1.76769,-1.74159,-0.19055,0.03,29,0.8883,0.042,0.7197,0.0928,-0.7431
1/22/2008,1,12/11/2007,1,-0.135,-0.245,-0.1925,-0.1225,-0.465,-0.13,-0.105,-0.05,-0.0225,0.03813,0.05573,0.04386,0.06355,,1.51989,0.43676,-0.125,-48,0.8308,-0.1493,0.8739,0.0843,-0.505
1/30/2008,0,1/30/2008,0,0,-0.1075,-0.105,-0.12,-0.1075,-0.14,-0.12,-0.1,-0.07,-0.03829,0,0.01027,0.01674,0.81482,0.80616,0.47532,-0.13,-48,0.8308,-0.1068,1.0176,0.0822,-0.4346
3/11/2008,1,1/30/2008,0,0.04,0.045,0.065,0.07,0.062,0.03375,0.09,0.1,0.115,0.11776,0.12366,0.08617,0.06552,1.41888,1.78583,-0.60013,0.115,-93,0.5582,-0.1387,1.1927,0.2128,-0.0525
3/18/2008,0,3/18/2008,1,0.04,0.115,0.085,0.0875,0.09538,0.0475,0.025,0.015,0.01,0,-0.01072,-0.01986,-0.02368,-0.94124,-0.95548,-0.1331,0.075,-93,0.5582,-0.1463,1.0694,0.1607,-0.1046
4/30/2008,0,4/30/2008,1,-0.0025,-0.06,-0.065,-0.065,-0.06,-0.06,-0.085,-0.075,-0.055,-0.0192,-0.00316,-0.00173,0.00107,0.16293,0.12858,0.25671,-0.075,-30,0.3434,0.0443,0.4216,0.117,-0.1013
6/25/2008,0,6/25/2008,1,-0.005,-0.015,-0.035,-0.04,-0.015,-0.065,-0.05,-0.045,-0.075,-0.08147,-0.04516,-0.02486,-0.01435,0.03392,0.03764,0.3843,0.015,1,-0.1059,-0.0267,-0.2921,0.1409,-0.032
8/5/2008,0,8/5/2008,1,-0.00375,-0.01,-0.0175,-0.03,-0.00447,-0.02,-0.035,-0.035,-0.045,-0.01538,-0.00475,0.00694,0.01298,0.13432,0.14928,-0.00323,-0.03,14,-0.3992,-0.1208,-0.0286,-0.051,0.1285
9/16/2008,0,9/16/2008,1,0.04875,0.1075,0.125,0.1125,0.10446,0.14,0.095,0.0725,0.07,0.09871,0.07242,0.03514,0.02406,-0.62947,-0.46189,-0.22644,0.12,-11,-0.5872,-0.1164,0.2612,-0.2595,0.0242
10/8/2008,1,9/16/2008,1,-0.095,-0.025,-0.035,-0.0175,-0.12804,0.02,-0.015,-0.01,-0.0075,0.0416,0.04153,0.04576,0.05326,,,0.54191,-0.00999,-59,-0.978,-0.2288,0.7033,-0.3734,-0.1199
10/29/2008,0,10/29/2008,0,-0.0075,-0.0475,-0.0525,-0.0725,-0.0475,-0.0125,-0.05,-0.075,-0.095,-0.04158,-0.04175,-0.05038,-0.02042,-1.12724,-1.38521,-0.74099,-0.05,-59,-0.978,-0.2719,1.3331,-0.4281,-0.1737
11/25/2008,1,10/29/2008,1,0.0025,-0.005,-0.005,-0.0025,-0.005,-0.0875,-0.125,-0.135,-0.1225,-0.015,-0.01785,-0.01639,-0.03843,1.64061,2.7155,0.73084,-0.005,,,,,,
12/1/2008,1,10/29/2008,0,,,,0,,,,,,,,,,,,,0.005,,,,,,
12/16/2008,0,12/16/2008,1,-0.0675,-0.185,-0.165,-0.18,-0.1395,-0.25,-0.245,-0.245,-0.245,-0.12011,-0.16323,-0.12311,-0.03823,1.59331,1.57373,1.29383,-0.18501,-238,-2.0049,-0.3654,0.9058,-0.3787,-0.0821
1/28/2009,0,1/28/2009,1,0,0,0.005,0,0,0,-0.01,-0.015,-0.02,-0.00748,0.01475,0.0111,0.01488,-0.1973,-0.23025,-0.86397,0,-44,-2.5971,-0.0586,-0.4817,-0.1134,0.4013
3/18/2009,0,3/18/2009,1,-0.00125,-0.005,-0.005,-0.0125,-0.00298,-0.055,-0.075,-0.085,-0.08,-0.07502,-0.17585,-0.30127,-0.31931,1.80819,1.86326,2.06753,-0.01,-21,-3.6906,-0.1447,-0.0804,0.0038,0.3579
4/29/2009,0,4/29/2009,1,0,-0.0025,0,0,-0.0025,0.005,0.01,0.025,0.04,0.02997,0.05842,0.06185,0.06569,0.62292,0.65715,-0.35316,0.005,-13,-4.257,0.0275,0.0227,0.0519,0.5714
6/24/2009,0,6/24/2009,1,0,0.005,0.0075,0.005,0.005,0.01,0.035,0.05,0.07,0.04905,0.09091,0.08447,0.07444,-0.6802,-0.63907,-0.60562,0,155,-4.7366,0.1524,1.2277,0.1207,0.1564
8/12/2009,0,8/12/2009,1,0,0,0,0,0,0,-0.015,-0.025,-0.02,-0.0113,0.01535,0.01544,0.02135,-0.26438,-0.29869,-0.5782,-0.005,83,-5.096,0.0677,0.3963,0.0843,0.2262
9/23/2009,0,9/23/2009,1,0,-0.0075,-0.015,-0.015,-0.0075,-0.05,-0.1,-0.12,-0.13,-0.0902,-0.08374,-0.06104,-0.06233,0.52867,0.51336,0.31075,-0.015,9,-5.0285,0.1513,-0.2802,0.0693,0.2874
11/4/2009,0,11/4/2009,1,-0.0025,-0.005,-0.0075,-0.0125,-0.00288,-0.01,-0.02,-0.03,-0.04,-0.0337,-0.00151,0.02021,0.03145,0.08621,0.095,0.0909,-0.00999,-90,-4.8834,0.0418,0.0682,0.0779,0.6014
12/16/2009,0,12/16/2009,1,-0.00875,-0.01,-0.005,-0.0025,-0.01808,-0.005,-0.005,0.01,0.02,0.0075,0.03035,0.02872,0.02739,-0.05211,-0.06766,-0.18239,-0.005,103,-4.1323,0.0543,0.2014,0.1088,0.5861
1/27/2010,0,1/27/2010,1,0,0,-0.005,0.005,0,-0.005,0.01,0.04,0.065,0.0561,0.0484,0.03198,0.01883,0.09656,0.09228,-0.24597,,-85,-3.8099,0.0099,0.3811,0.0141,0.3901
3/16/2010,0,3/16/2010,1,-0.0025,-0.01,-0.01,-0.0075,-0.00517,-0.015,-0.035,-0.05,-0.055,-0.04128,-0.03955,-0.02706,-0.00843,0.19305,0.19561,0.16376,,14,-2.7468,0.0522,0.1101,-0.0084,0.3193
4/28/2010,0,4/28/2010,1,0,0,-0.005,-0.005,0,-0.005,-0.0075,-0.01,-0.005,-0.00375,0.01068,0.00848,0.00845,0.16698,0.1683,0.23913,,-38,-2.0042,0.0809,-0.1763,0.0268,0.4309
6/23/2010,0,6/23/2010,1,0,0.005,0,-0.0025,0.005,0.005,0.005,0.005,0.005,-0.00745,-0.00597,-0.00489,-0.0039,0.34692,0.29796,0.39826,,-69,-0.6295,-0.0573,-0.3749,-0.0055,0.26
8/10/2010,0,8/10/2010,1,0.0025,0.0025,0.0025,0.005,0.00369,-0.01,-0.02,-0.03,-0.035,-0.01115,-0.0452,-0.05672,-0.05006,0.68052,0.73842,0.76739,,-76,-0.1846,-0.0003,-0.6457,0.0474,-0.0415
9/21/2010,0,9/21/2010,1,0.0025,0.005,0,0,0.00833,0,-0.01,-0.01,-0.01,-0.01485,-0.0204,-0.01574,-0.00183,0.59361,0.59354,0.74324,,44,-0.0437,0.0236,-0.5214,0.0865,0.2198
11/3/2010,0,11/3/2010,1,0.0075,0.0075,0.005,0.005,0.00833,0.005,-0.005,-0.005,-0.01,-0.0037,-0.04314,0.00929,0.11159,-0.30103,-0.33723,-0.13522,,-100,0.076,0.0584,-0.3475,0.1226,0.3069
12/14/2010,0,12/14/2010,1,0,0,0,0,0,0.005,-0.005,-0.005,-0.01,-0.0149,-0.00149,0,0.00819,0.01285,0,-0.07454,,-111,0.533,0.1115,0.7643,0.1573,0.3947
1/26/2011,0,1/26/2011,1,-0.00125,0,0,0,0,0,0,-0.015,-0.02,-0.02605,-0.01042,0.00329,0.02054,-0.08019,-0.05797,0.01829,,-42,0.7896,0.0898,0.952,0.0865,0.3361
3/15/2011,0,3/15/2011,1,0,0,0,0,0,-0.005,0,0.01,0.02,0.02977,0.03865,0.02621,0.01212,0.27359,0.25505,-0.00358,,17,1.037,0.054,0.1759,0.0693,0.2292
4/27/2011,0,4/27/2011,1,0,0,-0.005,0,0,-0.005,-0.005,-0.015,-0.025,-0.02232,-0.0283,-0.01806,-0.01012,0.1752,0.16747,0.27592,,31,1.0822,0.0486,-0.0789,0.1211,0.2467
6/22/2011,0,6/22/2011,1,0,-0.005,-0.005,0,0,-0.005,0,0.005,0.01,0.01853,0.02917,0.02065,0.01551,0.10646,0.1162,-0.00347,,-144,0.8073,0.0127,-0.2694,-0.0337,0.3796
8/9/2011,0,8/9/2011,1,0,0.005,0.0025,0.0025,0,0.02,0,-0.035,-0.085,-0.09233,-0.12265,-0.06074,0.01934,-0.87788,-0.9322,0.17918,,7,1.1981,-0.1762,-0.8938,-0.0574,0.4112
9/21/2011,0,9/21/2011,1,0.005,0.015,0.02,0.02,0.01667,0.045,0.055,0.065,0.075,0.0443,0.04695,-0.00299,-0.07426,-0.609,-0.73809,-0.59691,,-120,1.295,-0.0561,-1.1102,-0.0244,0.5075
11/2/2011,0,11/2/2011,1,0,0.005,0.005,0.005,0,0.01,0.01,0.01,0.015,0.01478,0.02133,0.012,0.00166,-0.13996,-0.14207,-0.22531,,47,1.5273,-0.0548,-0.9065,-0.086,0.2489
12/13/2011,0,12/13/2011,1,0,0,0,0,0,0,0.01,0.015,0.015,0.00738,0.00426,-0.00449,-0.01644,-0.81154,-0.70908,-0.32502,,-5,1.4781,0.0688,-0.0619,-0.1085,0.3583
1/25/2012,0,1/25/2012,1,0,0,-0.0025,-0.0025,0,0,-0.01,-0.03,-0.035,-0.02213,-0.06232,-0.05376,-0.03313,0.30319,0.3248,0.39587,,50,1.5667,0.083,-0.1679,-0.022,0.5571
3/13/2012,0,3/13/2012,1,0,0,0,0,0,0,0.005,0.01,0.02,0.0074,0.02567,0.0315,0.03045,0.02241,0.01815,-0.29411,,17,1.8649,0.0857,-0.1991,0.0467,0.5607
4/25/2012,0,4/25/2012,1,0,0,0,0,0,0,0,0,0,0,0.01133,0.01334,0.01658,-0.0166,-0.03618,-0.09848,,-90,1.8618,0.0421,-0.2294,-0.0191,0.5901
6/20/2012,0,6/20/2012,1,0.00125,0.005,0.01,0.01,0.00375,0.015,0.015,0.02,0.02,0.02218,0.0113,-0.01461,-0.04381,-0.02733,-0.03712,-0.13396,,-89,1.6798,-0.0334,-0.9315,-0.093,0.231
8/1/2012,0,8/1/2012,1,0.01,0.01,0.015,0.01,0.01033,0.01,0.01,0.01,0.015,0.02215,0.03925,0.02749,0.0123,-0.1668,-0.20007,-0.48902,,-10,1.5583,-0.0173,-0.5331,0.0102,0.3466
9/13/2012,0,9/13/2012,1,0.0075,0.015,0.02,0.015,0.01324,0.01,0.01,0.015,0.015,0.02585,0.06474,0.05878,0.07279,0.61107,0.64158,0.03877,,-39,1.6559,0.093,0.2386,0.1664,0.4382
10/24/2012,0,10/24/2012,1,0,0,0,0,0,0,0,0,0,-0.0037,-0.00987,-0.00737,0.00158,-0.00141,0.01773,0.03086,,-6,1.6234,0.0453,0.31,0.038,0.5309
12/12/2012,0,12/12/2012,1,0,0,0,0,0,0,-0.005,-0.005,-0.005,0,-0.0014,0.01607,0.03593,0.39349,0.40126,0.35973,,36,1.5924,-0.003,0.0322,-0.035,0.7428
1/30/2013,0,1/30/2013,1,0,0,0,0,0,0,0,-0.005,-0.01,-0.00739,-0.01274,-0.01043,-0.01151,-0.07702,-0.08325,0.01474,,0,1.6211,0.0503,0.2705,0.0015,0.7534
3/20/2013,0,3/20/2013,1,0,0,0,0,0,0.005,0.005,0,0.0025,-0.00369,-0.00282,-0.00446,-0.00657,0.10916,0.11283,0.11193,,84,1.5067,0.0806,0.2816,-0.0095,0.6471
5/1/2013,0,5/1/2013,1,0.0025,0,0.005,0.0025,0.00258,0,0,0,0,0,0.00561,0.0102,0.01244,0.14053,0.14225,0.11739,,-97,1.4438,0.061,-0.2967,-0.0402,0.5278
6/19/2013,0,6/19/2013,1,0.0025,0,0.0025,0.005,0.00682,0,0,0,0.01,0.02217,0.06303,0.05468,0.04086,-0.06366,-0.09128,-0.44857,,5,1.5962,0.0567,0.2991,-0.0635,0.7091
7/31/2013,0,6/19/2013,1,0,0,0.0025,0,0,0,-0.005,-0.005,-0.0075,-0.00739,-0.03325,-0.02492,-0.02868,-0.03255,-0.05936,0.01505,,30,1.6731,0.0635,1.2687,-0.085,0.7741
9/18/2013,0,9/18/2013,1,0,-0.005,-0.0025,0,0,-0.005,-0.015,-0.02,-0.03,-0.04073,-0.13876,-0.11503,-0.06959,1.00779,1.05565,0.69305,,-8,1.7014,0.0469,0.9398,-0.0212,0.6882
10/30/2013,0,10/30/2013,1,0,0,0,0,0,-0.005,0,0,0.01,0.01108,0.03739,0.0399,0.0353,-0.29372,-0.31274,-0.35288,,-32,1.7005,0.0501,-0.08,0.0217,0.6255
12/18/2013,0,12/18/2013,1,0,0.005,0,0,0,0.01,0.005,0.005,-0.005,-0.0148,-0.02334,-0.01107,0,0.7595,0.78802,0.06901,,23,1.8234,0.048,-0.0085,-0.003,0.78
1/29/2014,0,1/29/2014,1,0,0.005,0,0,0.005,0.005,0.005,0,0.005,0,-0.00437,-0.0094,-0.01618,-0.40308,-0.39529,-0.10615,,-122,1.6833,0.0261,0.3104,0.0058,0.3925
3/19/2014,0,3/19/2014,1,0,0.005,0,0,0,0.005,0.01,0.02,0.04,0.05932,0.09257,0.05712,0.02895,-0.20472,-0.21469,-0.44284,,30,1.5824,0.0493,-0.2202,0.0643,0.2553
4/30/2014,0,4/30/2014,1,0,0,0.0025,0,0,0,0,0,0.005,0,0.00735,0.00792,0.00532,0.01755,0.02668,-0.01443,,-3,1.6787,0.048,-0.0445,0.0886,0.209
6/18/2014,0,6/18/2014,1,0,0.005,0.005,0,0,0,0.005,0.01,0.015,0.01114,0.02362,0.00475,-0.01053,0.31782,0.33568,-0.03315,,-3,1.7554,0.0533,-0.0577,-0.0136,0.1374
7/30/2014,0,7/30/2014,1,0,0,0,0,0,-0.005,-0.005,-0.01,-0.01,-0.00743,-0.0133,-0.01263,-0.01552,0.39686,0.40705,0.08217,,73,1.8641,0.0556,-0.3561,-0.0916,0.0857
9/17/2014,0,9/17/2014,1,0,0,0,0,0,0,0.005,0.02,0.035,0.03722,0.05048,0.03009,0.01394,0.24878,0.23824,-0.30134,,-78,1.9015,0.0319,-0.0565,-0.0894,0.0959
10/29/2014,0,10/29/2014,1,0,0,0.01,0.005,0,0,0.005,0.03,0.055,0.04448,0.05723,0.03261,0.00334,-0.29393,-0.32989,-0.7601,,33,1.9864,0.0031,-0.1494,-0.0753,-0.3431
12/17/2014,0,12/17/2014,1,0,0,-0.005,-0.005,0,-0.015,-0.04,-0.075,-0.0925,-0.07068,-0.07054,-0.02769,0,0.74124,0.77699,0.35397,,96,2.0015,-0.0058,-0.6689,-0.1133,-0.5125
1/28/2015,0,1/28/2015,1,0,0.005,0,0.005,0.005,0,-0.005,-0.015,-0.015,-0.01484,-0.0203,-0.01952,-0.0154,-0.25168,-0.28413,-0.03969,,9,2.1597,0.0518,-0.6204,-0.1434,-0.572
3/18/2015,0,3/18/2015,1,-0.00125,-0.005,-0.01,-0.02,-0.00298,-0.04,-0.065,-0.08,-0.1,-0.08568,-0.07928,-0.05507,-0.04454,1.42474,1.47372,1.21836,,55,2.2411,0.0235,-0.2418,-0.09,-0.3076
4/29/2015,0,4/29/2015,1,0,0,0,0,0,0,0,0,0,0,-0.00146,0,-0.00429,0.09256,0.08332,-0.74584,,-122,2.1068,0.0302,0.1408,0.0359,-0.2426
6/17/2015,0,6/17/2015,1,-0.0025,-0.01,-0.015,-0.02,-0.00577,-0.03,-0.045,-0.05,-0.055,-0.05592,-0.06353,-0.04843,-0.03231,0.33272,0.17986,0.30166,,60,2.1705,0.0207,0.2518,0.0504,0.1298
7/29/2015,0,7/29/2015,1,0,-0.005,-0.005,-0.005,-0.005,-0.005,-0.01,-0.01,-0.01,-0.01488,-0.01761,-0.01238,-0.01344,0.12738,0.14305,-0.14947,,-7,2.0405,-0.0116,0.2843,-0.0909,-0.2457
9/17/2015,0,9/17/2015,1,-0.025,-0.055,-0.05,-0.0525,-0.05769,-0.06,-0.065,-0.065,-0.0625,-0.05591,-0.05278,-0.03548,-0.01959,0.14133,0.11295,0.53702,,-42,2.0421,-0.0437,-0.2614,-0.1079,-0.1477
10/28/2015,0,10/28/2015,1,0,0,0.01,0.025,0,0.02,0.04,0.045,0.055,0.05579,0.0554,0.03203,-0.0029,-0.6055,-0.71377,-1.25816,,-58,1.9168,-0.0008,-0.2669,-0.0437,-0.0568
12/16/2015,0,12/16/2015,1,0.0125,0.0175,0.01,0.015,0.02583,0.01,0.0175,0.025,0.025,0.00749,-0.00296,-0.01404,-0.03271,0.13922,0.18326,-0.1507,,11,1.9244,0.0452,-0.2423,-0.0954,-0.1955
1/27/2016,0,1/27/2016,1,0,0,-0.01,-0.015,0,-0.02,-0.025,-0.035,-0.04,-0.03732,-0.03652,-0.02588,-0.01573,-0.36597,-0.35583,0.08272,,91,1.9172,-0.0588,-0.3857,-0.1141,-0.2804
3/16/2016,0,3/16/2016,1,-0.0075,-0.02,-0.055,-0.0525,-0.0155,-0.05,-0.08,-0.1,-0.11,-0.09351,-0.10688,-0.07004,-0.03236,0.26709,0.27437,0.82205,,47,1.8154,-0.0156,-0.3097,0.0476,-0.2786
4/27/2016,0,4/27/2016,1,-0.0025,0,0,0.005,0,0.005,0.01,0.015,0.015,0.01492,0.01018,0.00302,-0.00561,0.24476,0.22774,-0.20751,,15,1.9263,0.0925,-0.1124,0.1487,-0.33
6/15/2016,0,6/15/2016,1,-0.00125,-0.005,-0.025,-0.03,-0.0025,-0.04,-0.045,-0.05,-0.05,-0.05583,-0.0461,-0.02955,-0.00796,-0.04467,-0.04823,0.39949,,-117,1.655,0.0259,-0.2785,0.1433,-0.2692
7/27/2016,0,7/27/2016,1,-0.0025,-0.005,-0.005,0,-0.005,0.005,0.01,0.01,0.005,0.00372,-0.00576,-0.00736,-0.01035,0.21188,0.21986,-0.05458,,107,1.7191,0.0364,-0.4035,0.0071,-0.1246
9/21/2016,0,9/21/2016,1,-0.0125,-0.04,-0.03,-0.025,-0.04167,-0.02,-0.025,-0.03,-0.035,-0.04105,-0.04338,-0.03141,-0.02855,0.29354,0.2923,0.22376,,-38,1.7672,0.0326,-0.0326,-0.0347,0.0758
11/2/2016,0,11/2/2016,1,-0.0025,0,0.005,0.01,-0.00268,0.005,0,0,0.005,0.00746,0.00289,0.0015,0.00833,0.06189,0.07162,-0.02252,,-18,1.8773,-0.0276,0.3016,0.0504,0.0701
12/14/2016,0,12/14/2016,1,-0.0025,0,0,0.0125,-0.00456,0.0025,0.02,0.05,0.08,0.0677,0.0837,0.06673,0.0373,-0.24159,-0.27609,-0.62223,,1,1.6514,0.0509,0.7799,0.0858,0.2482
2/1/2017,0,2/1/2017,1,-0.0025,-0.0125,-0.02,-0.0175,-0.00259,-0.015,-0.02,-0.02,-0.025,-0.03007,-0.02388,-0.01268,0,0.16147,0.16484,0.10698,,-19,1.6132,0.0631,0.6326,0.0572,-0.093
3/15/2017,0,3/15/2017,1,0.0025,0.005,-0.005,-0.02,0.00484,-0.035,-0.05,-0.06,-0.07,-0.0717,-0.07364,-0.05108,-0.01729,0.28177,0.29472,0.38469,,39,1.685,0.0539,-0.0088,-0.0236,-0.3121
5/3/2017,0,5/3/2017,1,0,0.01,0.01,0.0075,0,0.01,0.015,0.015,0.02,0.01505,0.02077,0.01721,0.0151,0.03859,0.04201,-0.11916,,-80,1.5951,0.0412,-0.4414,-0.017,-0.5393
6/14/2017,0,6/14/2017,1,0.01,0.015,0.01,0.015,0.01875,0.0075,0.015,0.015,0.02,0.02634,0.02071,0.01235,0.00294,-0.0406,-0.05131,-0.1776,,-44,1.7142,0.0282,-0.6042,-0.0122,-0.279
7/26/2017,0,7/26/2017,1,0,0,-0.005,-0.01,0,-0.005,-0.01,-0.015,-0.02,-0.01884,-0.02528,-0.01718,-0.00151,0.02098,0.0202,0.44116,,42,1.6758,0.0532,-0.1246,-0.0076,0.1942
9/20/2017,0,9/20/2017,1,0,0,0,0.02,0,0.04,0.045,0.055,0.055,0.04527,0.05513,0.03744,0.01793,-0.14615,-0.15988,-0.7734,,-27,1.5386,0.0298,0.0353,0.0638,-0.3291
11/1/2017,0,11/1/2017,1,-0.0025,0.005,0,0,-0.00259,0,0,0.005,0.005,0.00378,0.0045,0.00629,0.00452,0.08571,0.07766,-0.06452,,-120,1.3961,0.0416,-0.1737,0.049,-0.143
12/13/2017,0,12/13/2017,1,0,0.005,0,0,0,-0.0025,-0.005,-0.01,-0.01,-0.01521,-0.01661,-0.01265,-0.0075,0.07573,0.07488,0.15276,,30,1.4951,0.0683,-0.1424,0.0038,-0.1626
1/31/2018,0,1/31/2018,1,0,-0.005,0,0.005,-0.005,0,0.005,0.005,0.01,0.00764,0.01381,0.01301,0.01106,-0.10361,-0.1149,-0.16523,,-42,1.4413,0.0987,-0.1858,0.0591,0.089
3/21/2018,0,3/21/2018,1,0,-0.005,-0.0075,-0.005,0,-0.005,-0.005,0,0.005,-0.00768,0.01392,0.0165,0.02289,0.3479,0.36575,0.28074,,108,1.5012,0.0201,0.0962,0.035,-0.2498
5/2/2018,0,5/2/2018,1,-0.0025,-0.005,0,0,-0.00267,0,-0.005,-0.01,-0.005,-0.01538,-0.02019,-0.0116,-0.00655,0.1428,0.16027,0.40461,,-75,1.566,-0.0789,-0.0539,0.0061,-0.0387
6/13/2018,0,6/13/2018,1,-0.005,-0.005,-0.005,0.0025,-0.00882,0,0.02,0.03,0.03,0.04237,0.04047,0.03153,0.02796,-0.13533,-0.14338,-0.34416,,33,1.6033,0.0001,-0.223,0.0316,-0.1483
8/1/2018,0,8/1/2018,1,0,0,0,0,0,0,-0.005,-0.0025,-0.005,0,-0.00467,-0.00332,-0.0033,0.02134,0.02668,0.04714,,18,1.6106,0.0534,-0.2224,-0.0457,-0.0703
9/26/2018,0,9/26/2018,1,0,0.01,0.01,0.01,0.01,0,0,-0.005,-0.01,-0.00387,-0.00784,-0.00167,0.00337,0.22624,0.22178,0.04248,,9,1.5984,0.0567,-0.0905,-0.0141,-0.2164
11/8/2018,0,11/8/2018,1,0.0025,0.005,0,0,0.00341,0.005,0.005,0.005,0.005,0.00775,0.0063,0.00505,0.0052,0.09441,0.08016,-0.19756,,62,1.6038,-0.0157,0.004,-0.008,-0.111
12/19/2018,0,12/19/2018,1,0.01,0.03,0.025,0.02,0.02583,0.03,0.025,0.015,0.015,0.00385,-0.00773,-0.01471,-0.0243,-0.94125,-0.97595,-0.38569,,-43,1.5132,-0.1318,-0.1879,-0.0329,-0.4424
1/30/2019,0,1/30/2019,1,0,0,-0.005,-0.005,0,-0.01,-0.03,-0.03,-0.04,-0.03653,-0.03076,-0.01945,-0.00482,0.77383,0.77759,0.50235,,136,1.5357,-0.0374,-0.362,-0.0329,-0.6368
3/20/2019,0,3/20/2019,1,0,0,-0.005,-0.005,0,-0.005,-0.025,-0.05,-0.06,-0.05943,-0.06564,-0.04803,-0.03343,0.50599,0.50327,0.57981,,-160,1.3505,0.0662,-0.0736,0.0461,-0.518
5/1/2019,0,5/1/2019,1,-0.025,-0.02,-0.025,-0.04,-0.02583,-0.035,-0.04,-0.045,-0.05,-0.04589,-0.03795,-0.02224,-0.00472,0.20476,0.19482,0.16439,,21,1.3491,0.1003,0.0229,0.0208,-0.447
6/19/2019,0,6/19/2019,1,0.0225,0.05,-0.03,-0.035,0.06136,-0.06,-0.085,-0.105,-0.105,-0.07961,-0.0626,-0.04156,-0.02824,0.23767,0.23931,0.15144,,-105,1.2592,0.0332,-0.0856,-0.0378,-0.7708
7/31/2019,0,7/31/2019,1,0,0.04,0.04,0.045,0.04,0.04,0.05,0.04,0.03,0.02088,0.00298,-0.00307,-0.01774,-0.13745,-0.14938,-0.21132,,64,1.2515,0.0246,-0.1356,-0.0168,-0.0781
9/18/2019,0,9/18/2019,1,0.01375,0.0175,0.01,0.015,0.03438,0.035,0.03,0.03,0.03,0.03785,0.03103,0.02416,0.01279,-0.37358,-0.39262,-0.30772,,-30,1.2522,0.0403,-0.2185,0.0253,-0.3372
10/11/2019,1,9/18/2019,0,-0.005,-0.01,-0.005,0,-0.00775,-0.02,-0.0025,0,0,-0.00756,-0.0059,-0.0015,0.00284,0.19962,0.19258,0.13132,,-9,1.3282,-0.0185,-0.1728,-0.0231,-0.2637
10/30/2019,0,10/30/2019,1,0,-0.0125,0.005,0.015,-0.0125,0.01,0.015,0.015,0.02,0.01325,0.01035,0.00302,-0.00573,0.14959,0.14837,-0.05849,,-9,1.3282,0.0053,0.0164,0.0202,-0.2032
12/11/2019,0,12/11/2019,1,0,0,0,-0.005,0,0,0,-0.005,-0.005,-0.00757,-0.00591,-0.00455,0.00144,0.16766,0.16732,0.12158,,86,1.3569,0.0504,0.3399,0.0144,-0.2724
1/29/2020,0,1/29/2020,1,0.0025,0.015,0.01,0.01,0.015,0.005,0.005,0.005,0.005,0.00189,-0.00293,-0.00298,-0.00702,0.02827,0.02281,0.0318,,-15,1.3183,0.0866,-0.0124,-0.032,-0.3377
3/3/2020,1,3/3/2020,1,-0.23125,-0.175,-0.155,-0.145,-0.25603,-0.1675,-0.13,-0.11,-0.0975,-0.06804,-0.04555,-0.03308,-0.01314,0.65188,0.69044,0.69428,,60,1.3128,-0.0139,-0.0549,-0.0495,-0.5898
3/15/2020,1,3/3/2020,0,,,,,,-0.06625,-0.0475,-0.0125,-0.07,,,,,,-0.45096,0.79187,,98,1.4829,-0.2376,0.0443,-0.162,-0.7483
4/29/2020,0,4/29/2020,1,-0.0025,-0.03,-0.025,-0.02,-0.03,0,-0.005,-0.005,-0.005,0.00369,0.00836,0.00975,0.01709,-0.18878,-0.19611,0.13805,,-601,0.4011,-0.1405,0.1634,-0.1936,-0.3103
6/10/2020,0,6/10/2020,1,0,0,0,0,0,-0.0025,0,-0.005,-0.005,-0.00922,-0.01812,-0.01261,0.00381,0.59258,0.53764,0.36881,,10009,-12.4243,0.076,0.4205,-0.01,-0.2601
7/29/2020,0,7/29/2020,1,0,0.005,0,0,0.005,-0.005,-0.015,-0.005,0,-0.00369,-0.00833,-0.00693,-0.00612,0.06893,0.07712,0.02121,,1570,-9.1496,0.1262,-0.0332,0.1697,-0.0107
9/16/2020,0,9/16/2020,1,-0.0025,0,0,0,-0.00536,-0.005,0,0,0,-0.00184,0.00139,0.00416,0.01259,0.40618,0.40382,0.06764,,21,-7.115,0.1118,0.0022,0.1501,0.357
11/5/2020,0,11/5/2020,1,0,0,0,0,0,0,0,0,-0.005,-0.00184,0.00139,0.00279,0.00128,0.0341,0.02135,0.04231,,-198,-6.5089,0.0406,0.2347,0.0733,0.4201
12/16/2020,0,12/16/2020,1,-0.0025,0,0,0,-0.00517,0,0,0.005,0,0.00184,0.01387,0.01969,0.02727,-0.16237,-0.15931,-0.25912,,-215,-6.0509,0.088,0.3256,0.0844,0.7362
1/27/2021,0,1/27/2021,1,0,0.0025,0,0.005,0.0025,0.005,0,0,0,0,-0.00139,0,-0.00132,-0.34152,-0.33775,-0.0743,,-190,-6.3043,0.1138,0.3348,0.103,0.5474
3/17/2021,0,3/17/2021,1,-0.0025,-0.005,-0.005,-0.005,-0.00554,-0.01,-0.005,-0.01,-0.01,-0.0166,-0.03955,-0.01848,0.0074,0.53485,0.53907,0.43153,,179,-5.9974,0.076,0.9488,0.1334,0.7243
4/28/2021,0,4/28/2021,1,-0.0025,-0.005,-0.005,-0.005,-0.005,-0.005,0,-0.005,-0.005,-0.00369,-0.00565,-0.00296,-0.00437,0.05755,0.07477,0.14888,,256,-4.489,0.0861,0.8009,0.1174,0.288
6/16/2021,0,6/16/2021,1,0.0125,0.025,0.01,0.01,0.02679,0.01,0.015,0.02,0.03,0.02768,0.07067,0.05156,0.03458,-0.49477,-0.49859,-0.60443,,-116,8.6387,0.0741,-0.1372,0.0772,0.4922
7/28/2021,0,7/28/2021,1,0,0,0,0,0,0,0,0,0.01,0.00738,0.0211,0.00869,-0.00138,0.18406,0.17644,-0.03387,,130,5.7636,0.0516,-0.4552,0.0478,0.1489
9/22/2021,0,9/22/2021,1,0,0,0,0,0,0,0,0,0,0.0037,0.00567,-0.00146,-0.00138,0.37317,0.35859,0.1534,,-498,4.4813,0.0441,-0.1335,0.0424,0.2718
11/3/2021,0,11/3/2021,1,0,0,0,0.0025,0,0,0.005,0.01,0.0075,0.00928,0.01655,0.01196,0.03268,0.23372,0.22721,0.02158,,-306,4.0665,0.054,0.2325,0.0924,0.397
12/15/2021,0,12/15/2021,1,-0.0025,0,-0.005,0.0075,-0.00484,0.025,0.045,0.05,0.05,0.03361,0.02756,0.01945,0.00561,0.62031,0.57237,-0.16004,,-340,4.4096,0.0363,-0.153,-0.0194,0.2204
1/26/2022,0,1/26/2022,1,-0.0025,-0.01,-0.005,-0.005,-0.01,-0.0075,-0.01,-0.005,-0.005,-0.00188,0.00881,0.01378,0.01336,-0.2151,-0.1985,0,,-251,4.9586,-0.0434,-0.3916,-0.0027,0.3467
3/16/2022,0,3/16/2022,1,-0.01,-0.015,0,0.02,-0.02067,0.06,0.11,0.145,0.155,0.10704,0.06975,0.04598,0.03677,-0.74763,-0.76101,-0.1731,,255,5.0521,-0.0908,-0.3903,0.2313,-0.1119
5/4/2022,0,5/4/2022,1,-0.0175,-0.02,-0.02,-0.02,-0.02009,-0.025,-0.0275,-0.03,-0.04,-0.0426,-0.0463,-0.02342,-0.01016,-0.14965,-0.16759,0.1233,,-59,4.8013,-0.0596,-0.2184,0.1571,-0.0105
6/13/2022,1,5/4/2022,1,0.04625,0.115,0.16,0.155,0.08162,0.185,0.135,0.115,0.1,0.11179,0.07566,0.04843,0.03078,-0.45255,-0.46245,-0.17281,,72,4.637,-0.1182,0.0001,0.0299,0.0482
6/15/2022,0,6/15/2022,0,0.0225,0.035,0.045,0.05,0.045,0.07,0.0825,0.09,0.0575,0.04313,0.02413,0.01386,0.00453,-0.12554,-0.08618,-0.07697,,72,4.637,-0.1182,0.0001,0.0299,0.0482
7/27/2022,0,7/27/2022,1,-0.0025,-0.015,-0.015,-0.02,-0.015,-0.005,0,0.005,0.005,0.00291,0.00156,0.00165,0,0.05081,0.06284,0.10356,,107,4.3781,-0.1138,-0.9196,-0.1012,-0.014
9/21/2022,0,9/21/2022,1,-0.01,-0.035,0,0.04,-0.03333,0.09,0.12,0.13,0.115,0.09103,0.05207,0.01929,-0.01484,-1.35205,-1.38846,-0.4056,,17,4.0304,0.0503,-0.7314,-0.0865,0.0847
11/2/2022,0,11/2/2022,1,-0.0025,-0.025,-0.04,-0.065,-0.00268,-0.06,-0.0775,-0.08,-0.09,-0.08185,-0.07457,-0.04518,-0.00813,0.70408,0.69157,0.5648,,8,3.8711,-0.0659,-0.013,-0.0451,0.1655
12/14/2022,0,12/14/2022,1,0,0,0.035,0.045,0,0.0125,0.085,0.115,0.12,0.08115,0.05976,0.03305,0.00552,-1.14497,-1.16971,-0.31877,,63,3.2691,-0.0223,-0.8138,-0.0565,-0.0228
2/1/2023,0,2/1/2023,1,-0.0075,-0.005,0.005,0.005,-0.00778,-0.005,0.005,0.02,0.02,0.02182,0.01614,0.0104,0.01288,0.13746,0.13506,-0.04125,,18,2.9786,0.0622,-0.7818,-0.0248,0.0253
3/22/2023,0,3/22/2023,1,0.01,0.04,0.02,0.015,0.03444,0.025,-0.015,-0.07,-0.08,-0.09083,-0.05979,-0.03133,0.00277,0.28513,0.27857,0.48064,,86,2.7354,0.0019,0.2246,-0.0737,-0.0791
5/3/2023,0,5/3/2023,1,0.0125,0.015,0.015,0.02,0.01384,0.0075,0.015,0.015,0.015,0.00592,0.01119,0.00858,0.02362,0.11806,0.12046,0.13567,,6,2.5026,0.012,0.0956,-0.0776,-0.408
6/14/2023,0,6/14/2023,1,-0.01,-0.01,0.025,0.035,-0.01875,-0.0025,0,0.08,0.125,0.12573,0.09352,0.05671,0.02392,-0.69926,-0.69226,-0.39695,,144,2.5083,0.1235,-0.404,-0.0407,-0.2511
7/26/2023,0,7/26/2023,1,0,0,0,0,0,0,0,0.0075,0.01,0.00603,0.00165,-0.00179,-0.00387,0.08908,0.08179,0.02259,,-21,2.3862,0.1007,-0.2981,0.0168,-0.0182
9/20/2023,0,9/20/2023,1,-0.0025,-0.005,0.025,0.0275,-0.0075,0.01,0.035,0.065,0.095,0.06841,0.05526,0.03491,0.0146,-0.17053,-0.18928,-0.31749,,17,2.0278,0.0041,0.4413,0.0443,-0.0131
11/1/2023,0,11/1/2023,1,-0.0025,-0.01,-0.01,-0.015,-0.00259,0,-0.01,-0.015,-0.015,-0.01208,-0.00676,-0.00378,0.0046,0.01259,0.01773,-0.01899,,166,2.0187,-0.09,1.1014,-0.0041,-0.1447
12/13/2023,0,12/13/2023,1,-0.0025,0,-0.005,-0.025,-0.00431,0,-0.005,-0.065,-0.125,-0.13941,-0.11671,-0.0828,-0.06331,0.66225,0.63107,0.69294,,14,1.8376,0.0342,0.271,-0.0937,-0.4511
1/31/2024,0,1/31/2024,1,0,0.0025,0.01,0.02,0.0025,0,0.025,0.02,0.02,0.00992,0.00815,0.00534,0.01205,-0.30595,-0.30568,-0.1384,,,,,,,
3/20/2024,0,3/20/2024,1,0,0,0,-0.005,0,0,-0.015,-0.035,-0.035,-0.02194,-0.00497,0.00545,0.02922,0.23831,0.2479,0.069,,,,,,,
5/1/2024,0,5/1/2024,1,0,0,0,-0.005,0,0,0,-0.01,-0.015,-0.01308,-0.01351,-0.00934,-0.00437,0.11812,0.12855,0.05617,,,,,,,
6/12/2024,0,6/12/2024,1,0,0,0.015,0.015,0,0,0.005,0.02,0.025,0.01795,0.01159,0.00908,0.01245,-0.01564,-0.0092,-0.10153,,,,,,,
7/31/2024,0,7/31/2024,1,0,0.0025,0.01,0.015,0.0025,0.0025,0.015,0.02,0.015,0.01788,0.01476,0.01075,0.01226,0.13364,0.13038,-0.037,,,,,,,
9/18/2024,0,9/18/2024,1,-0.0475,-0.11,-0.11,-0.11,-0.11875,-0.1075,-0.12,-0.125,-0.11,-0.08012,-0.04153,-0.02422,-0.01156,0.37888,0.3611,0.41254,,,,,,,
11/7/2024,0,11/7/2024,1,-0.0025,0.005,0.01,0.015,-0.00326,0,0.01,0.015,0.015,0.01388,0.00991,0.00546,0,0.01338,-0.00417,-0.09265,,,,,,,
12/18/2024,0,12/18/2024,1,-0.005,-0.01,0.01,0.02,-0.01192,0,0.05,0.095,0.115,0.09323,0.07796,0.0568,0.03671,-0.80971,-0.83047,-0.62651,,,,,,,
1/29/2025,0,1/29/2025,1,0,0,0.01,0.015,0,0,0.02,0.025,0.02,0.0238,0.02827,0.02399,0.01984,-0.35946,-0.3549,-0.14409,,,,,,,
3/19/2025,0,3/19/2025,1,0,0,-0.005,-0.005,0,-0.0025,-0.01,-0.035,-0.055,-0.05524,-0.04928,-0.0326,-0.0255,0.37776,0.35953,0.20227,,,,,,,
5/7/2025,0,5/7/2025,1,0,-0.005,-0.005,-0.01,0,0.0025,-0.005,-0.02,-0.03,-0.02751,-0.02277,-0.01615,-0.01518,-0.48466,-0.45349,0.08813,,,,,,,
6/18/2025,0,6/18/2025,1,0,0,0,-0.005,0,0.0025,-0.025,-0.04,-0.035,-0.02458,-0.0098,-0.0018,0.0088,-0.10658,-0.10321,0.13038,,,,,,,
7/30/2025,0,7/30/2025,1,0.0025,0.005,0,-0.005,0.005,0,-0.005,-0.005,-0.015,-0.00787,-0.00489,-0.0018,0.0044,-0.03987,-0.03896,0.03049,,,,,,,
